"protein_A","protein_B"
"aaeA","yhcC"
"aas","acpP"
"aas","secA"
"aat","galF"
"abgT","topB"
"accA","accC"
"accA","accD"
"accA","acpP"
"accA","cspC"
"accA","yccW"
"accA","yeaO"
"accA","yeeX"
"accA","yfbU"
"accA","yffS"
"accA","yjgA"
"accB","accC"
"accB","helD"
"accB","holA"
"accB","hslU"
"accB","hslV"
"accB","ribD"
"accC","accD"
"accC","cysM"
"accC","ribD"
"accC","yhdY"
"accD","cspC"
"accD","purA"
"accD","ribD"
"accD","yeaO"
"accD","yfaY"
"aceA","blc"
"acnA","csrA"
"acnA","dsbA"
"acnA","edd"
"acnA","gadB"
"acnA","glgP"
"acnA","glnE"
"acnA","gltA"
"acnA","rho"
"acnA","rplS"
"acnA","rplX"
"acnA","rpmF"
"acnA","rpsA"
"acnA","tig"
"acnA","yhbY"
"acnB","aldA"
"acnB","aldB"
"acnB","argT"
"acnB","dapB"
"acnB","gabD"
"acnB","gatA"
"acnB","gcvP"
"acnB","groS"
"acnB","php"
"acnB","yaeT"
"acpP","acpS"
"acpP","aidB"
"acpP","cyoA"
"acpP","cyoC"
"acpP","cyoE"
"acpP","deaD"
"acpP","exbD"
"acpP","fabB"
"acpP","fabF"
"acpP","fabG"
"acpP","ftsX"
"acpP","glmU"
"acpP","hupB"
"acpP","lpxD"
"acpP","mukB"
"acpP","murC"
"acpP","nlpD"
"acpP","plsB"
"acpP","ribF"
"acpP","rplL"
"acpP","rplO"
"acpP","rpsF"
"acpP","rpsH"
"acpP","rpsM"
"acpP","secA"
"acpP","spoT"
"acpP","xerD"
"acpP","ybgC"
"acpP","yebY"
"acpP","yhbJ"
"acpP","yhbY"
"acpP","yhjD"
"acpP","yiiD"
"acpP","yjgI"
"acpP","yqeF"
"acpS","murC"
"acpS","tufB"
"acpT","ppa"
"acrA","eno"
"acrA","gadB"
"acrA","gapA"
"acrB","gidB"
"acrD","cspD"
"acrD","ribF"
"acrF","tufB"
"actP","ppa"
"add","ftsZ"
"add","gyrA"
"add","ibpA"
"add","ibpB"
"add","mreB"
"add","rcsA"
"adhE","blc"
"adhE","exbB"
"adhE","flu"
"adhE","lhr"
"adhE","lysU"
"adhE","nagB"
"adhE","rimI"
"adhE","wbbK"
"adhE","ybcJ"
"adhE","yhbY"
"adhE","yhhX"
"adhE","yjbH"
"adhE","yodC"
"adiA","alkA"
"adiA","rplB"
"adiA","rrmJ"
"adiA","sucA"
"adiA","yahF"
"adiA","ybgI"
"adk","apaH"
"adk","cyoB"
"adk","exbD"
"adk","mrcA"
"adk","putA"
"adk","wbbK"
"adk","ybdL"
"aegA","citB"
"aegA","murD"
"aegA","sspB"
"afuC","tufB"
"agaI","clpP"
"agaR","ribD"
"agaR","uvrD"
"agp","galE"
"ahpC","blc"
"ahpC","clpX"
"ahpC","exbB"
"ahpC","fabA"
"ahpC","flu"
"ahpC","glnE"
"ahpC","hemB"
"ahpC","lhr"
"ahpC","mak"
"ahpC","mrcA"
"ahpC","potF"
"ahpC","proC"
"ahpC","putA"
"ahpC","sucC"
"ahpC","wbbK"
"ahpF","fes"
"aidB","cspC"
"aidB","fldA"
"aidB","groL"
"aidB","groS"
"aidB","nudH"
"aidB","rfaD"
"aidB","rluB"
"aidB","rluC"
"aidB","rplA"
"aidB","rplM"
"aidB","rplS"
"aidB","rplU"
"aidB","rpmB"
"aidB","rpsD"
"aidB","rpsF"
"aidB","rpsL"
"aidB","rpsN"
"aidB","rpsS"
"aidB","rpsT"
"aidB","smpB"
"aidB","ybaX"
"aidB","ybcJ"
"aidB","yhbY"
"aidB","yibA"
"aidB","yjgD"
"alaS","arpA"
"alaS","glmS"
"alaS","gltX"
"alaS","rluB"
"aldA","edd"
"aldA","folD"
"aldA","fur"
"aldA","gabD"
"aldA","gcvP"
"aldA","glcB"
"aldA","uup"
"aldA","yaeT"
"aldB","aspC"
"aldB","deoA"
"aldB","fur"
"aldB","gabD"
"aldB","gatA"
"aldB","gcvP"
"aldB","glcB"
"aldB","ycfD"
"alkB","yhcC"
"allC","yjbH"
"allR","hupA"
"allR","ileS"
"allR","mhpR"
"allR","rplR"
"allR","rplS"
"allR","rplU"
"allR","rpsF"
"allR","rpsL"
"allR","rpsM"
"allR","rpsN"
"allR","rpsO"
"alsA","ycaO"
"alsK","ddpD"
"alsK","entC"
"alsK","ychM"
"alsK","yjgA"
"alsK","ymdB"
"alsK","yohN"
"amiA","rnb"
"ampE","dusC"
"ampH","hupB"
"ampH","slyD"
"ampH","ybgI"
"amyA","cspG"
"ansB","mrcA"
"ansB","wbbK"
"apaH","dnaT"
"apaH","efp"
"apaH","eno"
"apaH","gapA"
"apaH","groS"
"apaH","hisB"
"apaH","hns"
"apaH","hupA"
"apaH","hupB"
"apaH","minD"
"apaH","rne"
"apaH","rplA"
"apaH","rplJ"
"apaH","rplS"
"apaH","rplY"
"apaH","rpmC"
"apaH","rpsH"
"apaH","rpsN"
"apaH","rpsP"
"apaH","rpsT"
"apaH","slyD"
"apaH","tig"
"apaH","yccJ"
"apaH","yfiD"
"apaH","ygiW"
"appC","yjjU"
"apt","ddlA"
"araG","metQ"
"araG","uvrD"
"arcA","ybaS"
"arcA","yebS"
"arcB","argG"
"arcB","ffh"
"arcB","glyA"
"arcB","hslO"
"arcB","ribB"
"argA","lepA"
"argG","glyA"
"argG","yjbH"
"argP","groL"
"argP","groS"
"argP","hslU"
"argP","tufB"
"argR","gmr"
"argR","pmbA"
"argS","uspF"
"argS","yebC"
"argT","deoA"
"argT","edd"
"argT","fur"
"argT","gabD"
"argT","gatA"
"argT","gcvP"
"argT","glcB"
"argT","gldA"
"argT","yadG"
"aroA","poxB"
"aroB","fusA"
"aroB","ihfB"
"aroE","yedE"
"aroE","yrdC"
"aroG","fdhE"
"aroG","ydfG"
"aroK","yeaZ"
"arpA","exbD"
"arpA","hyfE"
"arpA","nlpD"
"arpA","rpmB"
"arpA","ydiI"
"arpA","ydjL"
"arpA","yeiT"
"arpA","yfbN"
"arpB","ydiI"
"arpB","ydiZ"
"artM","yeaO"
"artP","ppk"
"artP","yccA"
"artQ","yadB"
"asmA","elaB"
"asmA","wbbK"
"asmA","yqjD"
"asnA","sucC"
"asnB","dnaE"
"aspA","blc"
"aspA","cspD"
"aspA","lpxD"
"aspC","fic"
"aspC","glf"
"aspC","nuoC"
"aspC","tig"
"aspS","infB"
"aspS","ispU"
"aspS","mrcA"
"aspS","rpoA"
"asr","tsf"
"asr","yibA"
"astC","gltA"
"astC","hupA"
"astD","mutH"
"atoD","ppa"
"atpA","atpC"
"atpA","atpD"
"atpA","atpG"
"atpA","cirA"
"atpA","exbB"
"atpA","fimB"
"atpA","parE"
"atpA","rnhA"
"atpA","topA"
"atpA","topB"
"atpA","tyrR"
"atpA","ugpA"
"atpA","wbbK"
"atpA","yciS"
"atpB","dnaQ"
"atpC","atpD"
"atpC","atpG"
"atpC","hypA"
"atpC","serB"
"atpC","ugpA"
"atpC","yfdH"
"atpD","atpG"
"atpD","cirA"
"atpD","dnaJ"
"atpD","helD"
"atpD","hybG"
"atpD","ibpA"
"atpD","macA"
"atpD","mreB"
"atpD","rnhA"
"atpD","ugpA"
"atpD","ybaY"
"atpD","yjdJ"
"atpF","ftsX"
"atpG","cspA"
"atpG","recJ"
"atpG","recQ"
"atpG","rnhA"
"atpG","yciS"
"atpH","tyrR"
"bacA","lpxB"
"barA","clpA"
"basS","prfA"
"basS","ybhK"
"bcsA","tgt"
"bcsB","serS"
"bcsG","infB"
"bcsG","ppiB"
"bcsG","rplI"
"bcsG","rplL"
"bcsG","rplW"
"bcsG","yhjD"
"betB","lolB"
"bfr","yqjI"
"bglB","yaiA"
"bglB","yjgF"
"bglG","folP"
"bglG","ydiM"
"bglX","ydjA"
"bioA","lysS"
"bioB","secA"
"bipA","dgoR"
"bipA","ybeY"
"birA","glpB"
"birA","nanE"
"birA","rplU"
"birA","rpsN"
"blc","cspA"
"blc","dps"
"blc","eno"
"blc","fabD"
"blc","fbaA"
"blc","gadB"
"blc","gapA"
"blc","groS"
"blc","hupA"
"blc","luxS"
"blc","malE"
"blc","pflB"
"blc","pgk"
"blc","phoB"
"blc","ptsH"
"blc","purA"
"blc","pykF"
"blc","rplA"
"blc","rplB"
"blc","rplF"
"blc","rplO"
"blc","rplP"
"blc","rplY"
"blc","rpmB"
"blc","rpmG"
"blc","rpsA"
"blc","rpsC"
"blc","rpsJ"
"blc","rpsN"
"blc","secB"
"blc","tig"
"blc","ugpB"
"blc","yfcZ"
"blc","yfiD"
"bolA","dppB"
"bolA","miaB"
"bolA","ydhD"
"bolA","yehY"
"brnQ","pheS"
"cadA","ldcC"
"cadA","rcsA"
"cadA","ycdQ"
"cadA","yieN"
"cadB","pyrH"
"cadB","ycaJ"
"caiC","queA"
"caiT","ydjL"
"can","tufB"
"carA","carB"
"carA","fkpA"
"carB","cysI"
"carB","cysJ"
"carB","fimA"
"carB","lhr"
"carB","rpsJ"
"cbpA","cbpM"
"cbpA","clpB"
"cbpA","deaD"
"cbpA","hscA"
"cbpA","lpxD"
"cbpA","prsA"
"cbpA","rbsK"
"cbpA","rho"
"cbpA","rluB"
"cbpA","rplA"
"cbpA","rplB"
"cbpA","rplD"
"cbpA","rplE"
"cbpA","rplI"
"cbpA","rpsA"
"cbpA","rpsC"
"cbpA","rpsD"
"cbpA","rpsP"
"cbpA","yfbT"
"cbpA","yheM"
"cbpA","yjfK"
"cbpA","yjjU"
"cbpM","ibpA"
"cbrA","ydjI"
"cca","pflB"
"cca","purC"
"ccmB","lpxC"
"ccmB","lpxD"
"ccmH","ybhK"
"ccmH","ybiB"
"ccmH","ygcP"
"cdd","ftsE"
"cdd","lhr"
"cdd","nagB"
"cedA","hns"
"cedA","metJ"
"cedA","rpoA"
"cedA","rpoB"
"cedA","rpoC"
"cedA","rpoD"
"cedA","rpoZ"
"cedA","rpsO"
"cfa","iscU"
"cfa","pstB"
"chaB","hybD"
"chaB","malZ"
"chbC","surA"
"cheW","parE"
"cheY","parE"
"cheZ","gapA"
"chpS","pta"
"cirA","eno"
"cirA","hupA"
"cirA","rplD"
"cirA","rplJ"
"cirA","rplL"
"cirA","rpsN"
"cirA","rpsP"
"citB","cysB"
"citB","gltB"
"citB","gltD"
"citB","yeiT"
"clcB","murC"
"clpA","clpS"
"clpA","cspC"
"clpA","cspE"
"clpA","dnaJ"
"clpA","dxs"
"clpA","fabZ"
"clpA","ffh"
"clpA","fldA"
"clpA","groS"
"clpA","gyrA"
"clpA","ibpA"
"clpA","infC"
"clpA","lon"
"clpA","nadE"
"clpA","proV"
"clpA","prsA"
"clpA","purL"
"clpA","pyrH"
"clpA","rho"
"clpA","rhsC"
"clpA","rnpA"
"clpA","rplD"
"clpA","rplI"
"clpA","rplL"
"clpA","rplM"
"clpA","rplR"
"clpA","rplU"
"clpA","rpmA"
"clpA","rpmG"
"clpA","rpsA"
"clpA","rpsF"
"clpA","rpsJ"
"clpA","rpsN"
"clpA","rpsU"
"clpA","rrmJ"
"clpA","sbcC"
"clpA","smpB"
"clpA","sspB"
"clpA","tufB"
"clpA","uvrD"
"clpA","ybjE"
"clpA","yfgB"
"clpA","ygiF"
"clpA","yhbY"
"clpB","clpX"
"clpB","dxr"
"clpB","exbB"
"clpB","groS"
"clpB","hscB"
"clpB","hypD"
"clpB","lysU"
"clpB","mrcA"
"clpB","nagB"
"clpB","ompA"
"clpB","potF"
"clpB","rimI"
"clpB","rmf"
"clpB","ruvB"
"clpB","sucC"
"clpB","torZ"
"clpB","tufB"
"clpB","wbbK"
"clpB","yfgB"
"clpB","yjbH"
"clpB","yliG"
"clpP","degP"
"clpP","groL"
"clpP","groS"
"clpP","kefC"
"clpP","mtlA"
"clpP","rfaD"
"clpP","ydiH"
"clpP","yegL"
"clpP","yjgD"
"clpX","hscB"
"clpX","metK"
"clpX","mreB"
"clpX","pstB"
"clpX","recA"
"clpX","rfbB"
"cmr","trxC"
"coaD","leuS"
"coaD","murE"
"coaD","ppa"
"coaD","rfaD"
"coaD","yciA"
"coaE","dps"
"coaE","parE"
"coaE","speD"
"cobB","kdsD"
"cobB","ligA"
"cobB","prsA"
"cobB","rpsC"
"cobB","rpsD"
"cobB","rpsN"
"cobB","spoT"
"cobB","yccR"
"cobB","ydgJ"
"codA","trxC"
"cpdB","ybaK"
"cpxP","hemB"
"cpxP","hupB"
"cpxP","pps"
"cpxP","rplW"
"cpxP","yrdA"
"cpxR","gapA"
"cpxR","lysA"
"cpxR","secB"
"creC","dnaA"
"creC","gloA"
"crp","gntY"
"crp","ubiB"
"crp","yacL"
"crp","ycgM"
"crr","cysI"
"crr","dps"
"crr","frsA"
"crr","nuoC"
"crr","ycbX"
"csdA","gcd"
"csdA","lpxD"
"csgD","yjjU"
"csiE","glyS"
"csiE","groS"
"csiE","rpsA"
"csiE","rpsC"
"csiE","rpsD"
"csiE","tig"
"cspA","cspB"
"cspA","cspG"
"cspA","hfq"
"cspA","hupA"
"cspA","hupB"
"cspA","rluB"
"cspA","rplL"
"cspA","rplR"
"cspA","rplS"
"cspA","rpsJ"
"cspA","ycbY"
"cspA","ygcG"
"cspB","cspE"
"cspB","cspG"
"cspB","dnaN"
"cspB","gltA"
"cspB","hfq"
"cspB","rplL"
"cspB","rpsJ"
"cspB","yghW"
"cspC","cspD"
"cspC","cspE"
"cspC","deaD"
"cspC","dnaJ"
"cspC","exbB"
"cspC","exbD"
"cspC","flu"
"cspC","ftsX"
"cspC","hfq"
"cspC","hrpA"
"cspC","hupA"
"cspC","hupB"
"cspC","mrcA"
"cspC","nlpD"
"cspC","panB"
"cspC","pnp"
"cspC","putA"
"cspC","recN"
"cspC","rhlE"
"cspC","rho"
"cspC","rluB"
"cspC","rluC"
"cspC","rnr"
"cspC","rplA"
"cspC","rplB"
"cspC","rplD"
"cspC","rplE"
"cspC","rplI"
"cspC","rplM"
"cspC","rplR"
"cspC","rplS"
"cspC","rplW"
"cspC","rplX"
"cspC","rpoA"
"cspC","rpsA"
"cspC","rpsC"
"cspC","rpsD"
"cspC","rpsF"
"cspC","rpsJ"
"cspC","rpsM"
"cspC","rpsN"
"cspC","rpsT"
"cspC","tktB"
"cspC","torZ"
"cspC","wbbK"
"cspC","ybjX"
"cspC","ycbY"
"cspC","ycjF"
"cspC","yebY"
"cspC","yfiF"
"cspC","yhbJ"
"cspC","yhdP"
"cspC","yhiR"
"cspC","yjgA"
"cspC","yqeF"
"cspD","cspE"
"cspD","ddlA"
"cspD","ddpB"
"cspD","deaD"
"cspD","dppD"
"cspD","hlpA"
"cspD","rho"
"cspD","rluB"
"cspD","rluC"
"cspD","rnr"
"cspD","rplA"
"cspD","rplB"
"cspD","rplM"
"cspD","rplS"
"cspD","rplX"
"cspD","rpsA"
"cspD","rpsC"
"cspD","rpsD"
"cspD","rpsJ"
"cspD","rpsM"
"cspD","rpsN"
"cspD","rpsT"
"cspD","rpsU"
"cspD","ycbY"
"cspD","ydiA"
"cspD","yfiF"
"cspE","cspI"
"cspE","dcuR"
"cspE","deaD"
"cspE","dnaN"
"cspE","dxr"
"cspE","glmU"
"cspE","glnP"
"cspE","hfq"
"cspE","hrpA"
"cspE","hupA"
"cspE","pnp"
"cspE","rho"
"cspE","rluB"
"cspE","rnr"
"cspE","rplA"
"cspE","rplB"
"cspE","rplD"
"cspE","rpsA"
"cspE","rpsD"
"cspE","rpsJ"
"cspE","rpsP"
"cspE","secA"
"cspE","torZ"
"cspE","wbbK"
"cspE","ycjF"
"cspG","intS"
"cspG","wbbK"
"cspI","ygfU"
"csrA","deaD"
"csrA","dnaJ"
"csrA","dnaN"
"csrA","eno"
"csrA","helD"
"csrA","hfq"
"csrA","hlpA"
"csrA","hupA"
"csrA","hupB"
"csrA","infC"
"csrA","lpxD"
"csrA","nagC"
"csrA","rhlB"
"csrA","rho"
"csrA","rluB"
"csrA","rne"
"csrA","rnr"
"csrA","rplA"
"csrA","rplD"
"csrA","rplE"
"csrA","rplF"
"csrA","rplI"
"csrA","rplM"
"csrA","rplO"
"csrA","rplQ"
"csrA","rplR"
"csrA","rplS"
"csrA","rplT"
"csrA","rplU"
"csrA","rplX"
"csrA","rpmB"
"csrA","rpmC"
"csrA","rpoA"
"csrA","rpsA"
"csrA","rpsC"
"csrA","rpsD"
"csrA","rpsF"
"csrA","rpsI"
"csrA","rpsM"
"csrA","rpsN"
"csrA","rpsP"
"csrA","rpsS"
"csrA","tig"
"csrA","ycbY"
"csrA","yfiF"
"csrA","yjdI"
"cutA","ftsA"
"cutA","tufB"
"cvpA","ribD"
"cyaY","dnaN"
"cydA","yqhD"
"cydC","cydD"
"cynT","dusC"
"cyoA","nusG"
"cyoA","rpsP"
"cyoB","fimA"
"cyoC","dps"
"cyoC","fimA"
"cyoC","groS"
"cyoC","hdeA"
"cyoC","hupA"
"cyoC","rplI"
"cyoC","rpsJ"
"cyoC","yccJ"
"cyoC","yfiD"
"cyoD","dmsA"
"cyoD","ynfF"
"cyoE","fimA"
"cysA","proA"
"cysB","fadA"
"cysB","ydaC"
"cysI","cysJ"
"cysI","glpK"
"cysI","nuoC"
"cysI","ycbX"
"cysI","yegV"
"cysJ","dsbG"
"cysJ","holB"
"cysJ","nuoC"
"cysJ","ycbX"
"cysJ","yebS"
"cysJ","yegV"
"cysK","lysU"
"cysK","treA"
"cysM","dsbG"
"cysN","yacG"
"cysP","dhaH"
"dacA","deaD"
"dacA","glpD"
"dacA","gmhB"
"dacA","infC"
"dacA","yfiF"
"dadX","dapB"
"dadX","deoA"
"dadX","gabD"
"dadX","gatA"
"dadX","gcvP"
"dadX","groS"
"dadX","ycfD"
"dam","glpD"
"damX","iscU"
"dapB","deoA"
"dapB","gltI"
"dapB","minD"
"dapD","dnaN"
"dapD","glnQ"
"dapD","hdeB"
"dapD","hpt"
"dapD","lspA"
"dapD","speC"
"dapD","zntA"
"dapF","nudH"
"dapF","rluB"
"dapF","ydiI"
"dapF","yfgB"
"dapF","yncE"
"dcm","parE"
"dcm","rplA"
"dcm","rplM"
"dcm","rplU"
"dcm","rpsC"
"dcm","rpsN"
"dcm","rpsT"
"dcm","secA"
"dcm","ssb"
"dcm","trmE"
"dcrB","dps"
"dcrB","gltA"
"dcrB","yfaY"
"dcrB","ygaD"
"dcrB","ygfK"
"dctA","dsbA"
"dcuD","hscB"
"dcuR","kdsB"
"ddlA","ddpA"
"ddlA","ftsI"
"ddlA","proA"
"ddlA","yafC"
"ddlA","yieM"
"ddpA","uvrC"
"ddpA","yhhP"
"ddpX","ycgM"
"deaD","dnaJ"
"deaD","dps"
"deaD","fdhF"
"deaD","gyrB"
"deaD","hcp"
"deaD","hfq"
"deaD","hrpA"
"deaD","hupA"
"deaD","hupB"
"deaD","nudH"
"deaD","nusG"
"deaD","pnp"
"deaD","pssA"
"deaD","rluB"
"deaD","rluC"
"deaD","rne"
"deaD","rnpA"
"deaD","rnr"
"deaD","rplA"
"deaD","rplB"
"deaD","rplD"
"deaD","rplE"
"deaD","rplF"
"deaD","rplI"
"deaD","rplK"
"deaD","rplM"
"deaD","rplO"
"deaD","rplP"
"deaD","rplQ"
"deaD","rplR"
"deaD","rplS"
"deaD","rplT"
"deaD","rplU"
"deaD","rplW"
"deaD","rplX"
"deaD","rpmA"
"deaD","rpmB"
"deaD","rpsA"
"deaD","rpsC"
"deaD","rpsD"
"deaD","rpsF"
"deaD","rpsH"
"deaD","rpsI"
"deaD","rpsJ"
"deaD","rpsK"
"deaD","rpsL"
"deaD","rpsM"
"deaD","rpsN"
"deaD","rpsO"
"deaD","rpsP"
"deaD","rpsQ"
"deaD","rpsR"
"deaD","rpsS"
"deaD","rpsT"
"deaD","rpsU"
"deaD","spoT"
"deaD","srmB"
"deaD","sufC"
"deaD","tgt"
"deaD","ybaB"
"deaD","ybcJ"
"deaD","ybeZ"
"deaD","yfbU"
"deaD","yfgB"
"deaD","yfiF"
"deaD","yggH"
"deaD","ygiF"
"deaD","yibL"
"deaD","yjgD"
"deaD","yncE"
"deaD","ynfE"
"deaD","yphE"
"dedA","iscU"
"def","usg"
"degP","pyrH"
"degQ","hemB"
"degQ","murA"
"degS","gltI"
"deoA","fur"
"deoA","gabD"
"deoA","gcvP"
"deoA","yaeT"
"deoB","mrcA"
"deoD","nagB"
"deoD","potF"
"deoD","ygfU"
"der","yfcY"
"der","ypdD"
"dgt","uvrD"
"dhaH","maeB"
"dhaH","mrcA"
"dhaH","ssuE"
"dhaH","stfR"
"dhaH","yjeH"
"dhaK","guaC"
"dhaK","parE"
"dhaK","rbbA"
"dhaK","wbbK"
"dhaK","ybeB"
"dhaK","ycjF"
"dinJ","mutH"
"dksA","dnaN"
"dksA","eno"
"dksA","mrcB"
"dksA","nadC"
"dksA","pqqL"
"dksA","proC"
"dksA","rpsJ"
"dksA","ydiH"
"dmsA","dmsB"
"dmsA","dmsD"
"dmsA","ynfG"
"dmsB","groS"
"dmsD","rpmB"
"dmsD","ynfF"
"dnaA","dnaJ"
"dnaA","nadE"
"dnaA","rplB"
"dnaA","rplD"
"dnaA","rplL"
"dnaA","rplN"
"dnaA","rplO"
"dnaA","rplP"
"dnaA","rplX"
"dnaA","rpsC"
"dnaA","rpsD"
"dnaA","rpsJ"
"dnaA","rpsM"
"dnaA","rpsN"
"dnaA","rpsT"
"dnaA","tufB"
"dnaA","ynhG"
"dnaB","dnaC"
"dnaB","fimI"
"dnaB","ftsY"
"dnaB","fumA"
"dnaB","priC"
"dnaB","rplD"
"dnaB","rplO"
"dnaB","rplW"
"dnaB","thrA"
"dnaB","tufB"
"dnaB","yfaX"
"dnaE","dnaN"
"dnaE","dnaQ"
"dnaE","dnaX"
"dnaE","gloA"
"dnaE","holA"
"dnaE","holB"
"dnaE","holC"
"dnaE","holD"
"dnaE","holE"
"dnaE","nusB"
"dnaE","rplA"
"dnaE","rplL"
"dnaE","rplM"
"dnaE","rplU"
"dnaE","rpsA"
"dnaE","rpsP"
"dnaE","ssb"
"dnaE","tpiA"
"dnaE","trmD"
"dnaE","tufB"
"dnaE","yejF"
"dnaG","ygdH"
"dnaG","yjjU"
"dnaJ","exbB"
"dnaJ","fbaB"
"dnaJ","fdhD"
"dnaJ","fusA"
"dnaJ","gatY"
"dnaJ","glmS"
"dnaJ","glyQ"
"dnaJ","gyrA"
"dnaJ","hfq"
"dnaJ","hslU"
"dnaJ","hyaA"
"dnaJ","hypD"
"dnaJ","ibpA"
"dnaJ","infB"
"dnaJ","ligA"
"dnaJ","malT"
"dnaJ","metK"
"dnaJ","mreB"
"dnaJ","narG"
"dnaJ","nusG"
"dnaJ","ompC"
"dnaJ","prsA"
"dnaJ","pstB"
"dnaJ","pta"
"dnaJ","recA"
"dnaJ","rho"
"dnaJ","rph"
"dnaJ","rplW"
"dnaJ","rplX"
"dnaJ","rpsC"
"dnaJ","rpsF"
"dnaJ","rpsJ"
"dnaJ","rpsN"
"dnaJ","ruvB"
"dnaJ","selB"
"dnaJ","sohB"
"dnaJ","srmB"
"dnaJ","sucC"
"dnaJ","tufB"
"dnaJ","ulaR"
"dnaJ","uspG"
"dnaJ","yafC"
"dnaJ","ybcJ"
"dnaJ","ybgI"
"dnaJ","ybgL"
"dnaJ","ybiB"
"dnaJ","ybjX"
"dnaJ","yfgB"
"dnaJ","yfiQ"
"dnaJ","ygaM"
"dnaJ","yjjU"
"dnaJ","yodC"
"dnaN","dps"
"dnaN","fabI"
"dnaN","gldA"
"dnaN","gltA"
"dnaN","groS"
"dnaN","grxB"
"dnaN","hinT"
"dnaN","lysU"
"dnaN","mgsA"
"dnaN","msyB"
"dnaN","murA"
"dnaN","ndk"
"dnaN","poxB"
"dnaN","proC"
"dnaN","putA"
"dnaN","rpe"
"dnaN","trxA"
"dnaN","wrbA"
"dnaN","yaiB"
"dnaN","yajQ"
"dnaN","ybaS"
"dnaN","ybbN"
"dnaN","ydhR"
"dnaN","ydjL"
"dnaN","yeaG"
"dnaN","yebR"
"dnaN","yebS"
"dnaN","yebV"
"dnaN","yghA"
"dnaN","yhbH"
"dnaN","yieF"
"dnaN","yifE"
"dnaN","yjdC"
"dnaN","yjdJ"
"dnaN","yjgF"
"dnaN","yjhP"
"dnaN","yjjX"
"dnaN","yliG"
"dnaN","yoaB"
"dnaN","ypeA"
"dnaN","yqhD"
"dnaN","yqjD"
"dnaN","zwf"
"dnaQ","dnaX"
"dnaQ","fecB"
"dnaQ","holA"
"dnaQ","holB"
"dnaQ","holC"
"dnaQ","holD"
"dnaQ","holE"
"dnaQ","rplA"
"dnaQ","rplL"
"dnaQ","rpmG"
"dnaQ","ssb"
"dnaQ","trmD"
"dnaQ","tufB"
"dnaQ","ybiC"
"dnaT","uxaA"
"dnaX","fecB"
"dnaX","gloA"
"dnaX","holB"
"dnaX","holC"
"dnaX","holD"
"dnaX","holE"
"dnaX","nusB"
"dnaX","trmD"
"dnaX","ugpB"
"dppA","mtlD"
"dps","exbB"
"dps","exbD"
"dps","fic"
"dps","flu"
"dps","glnE"
"dps","glnP"
"dps","hlpA"
"dps","hybG"
"dps","hypD"
"dps","hypE"
"dps","lhr"
"dps","lysU"
"dps","mak"
"dps","mrcA"
"dps","nikB"
"dps","nuoC"
"dps","otsA"
"dps","pcnB"
"dps","pepT"
"dps","proC"
"dps","rfaD"
"dps","rplW"
"dps","rplX"
"dps","rpsA"
"dps","rpsF"
"dps","rpsH"
"dps","rpsJ"
"dps","rpsM"
"dps","slyD"
"dps","sucC"
"dps","tig"
"dps","treA"
"dps","wbbK"
"dps","ybaY"
"dps","ycdR"
"dps","yebY"
"dps","ygbT"
"dps","yhdP"
"dps","yhjD"
"dps","yibL"
"dps","yidH"
"dps","yjdC"
"dps","yjdJ"
"dps","yjhT"
"dps","yjiN"
"dps","yliG"
"dps","yqhD"
"dps","yraR"
"dps","zntA"
"dsbA","dsbC"
"dsbA","fliA"
"dsbA","hybC"
"dsbA","insE-5"
"dsbA","katE"
"dsbA","kbaY"
"dsbA","mltB"
"dsbA","tap"
"dsbA","trmE"
"dsbA","ydhU"
"dsbA","ymcB"
"dsbA","ymfN"
"dsbG","ydjI"
"dsdX","grpE"
"dtd","yihI"
"dusB","malP"
"dusB","xthA"
"dusC","entE"
"dusC","fumC"
"dusC","intA"
"dusC","nfo"
"dusC","recG"
"dusC","ydiB"
"dxr","osmY"
"dxr","rplS"
"dxr","speD"
"dxr","sucB"
"dxs","metK"
"dxs","pstB"
"dxs","recA"
"dxs","rho"
"dxs","tufB"
"dxs","yqeI"
"ebgA","fkpB"
"ebgA","gltB"
"ebgA","intA"
"ecpD","tsf"
"eda","fkpB"
"eda","intA"
"edd","hdeA"
"edd","iscU"
"edd","rho"
"edd","tig"
"edd","yaeT"
"edd","ydjQ"
"efp","exbD"
"efp","mrcA"
"elaB","hsdM"
"elaB","mazG"
"elaB","mrcA"
"elaB","nikC"
"elaB","putA"
"elaB","sspB"
"elaB","wbbK"
"elaB","yacL"
"elaB","yfgB"
"elaB","ygaM"
"elaB","yliG"
"elaB","yqjD"
"elbB","gntY"
"elbB","nlpD"
"emrA","yfaY"
"emrE","fimA"
"emrE","rplK"
"emrE","rplL"
"emrE","rpmB"
"emrE","rpsT"
"emrY","grpE"
"emrY","murB"
"eno","exbB"
"eno","fabA"
"eno","flu"
"eno","glnE"
"eno","hfq"
"eno","hyfE"
"eno","ibpA"
"eno","leuC"
"eno","lhr"
"eno","lysU"
"eno","mak"
"eno","mrcA"
"eno","nagB"
"eno","otsA"
"eno","pabC"
"eno","pgk"
"eno","pinR"
"eno","pnp"
"eno","potF"
"eno","proC"
"eno","putA"
"eno","rhlB"
"eno","rne"
"eno","rng"
"eno","rpe"
"eno","sucC"
"eno","thrS"
"eno","tktB"
"eno","tonB"
"eno","torZ"
"eno","treA"
"eno","wbbK"
"eno","yadG"
"eno","ybcJ"
"eno","yciS"
"eno","ydjL"
"eno","yhdP"
"eno","yhjD"
"eno","yqhD"
"entC","lplA"
"entC","srlR"
"entE","fkpA"
"entF","yfaY"
"era","fabB"
"era","tufB"
"erfK","pheS"
"eutA","rsgA"
"eutA","yfeX"
"eutH","glmS"
"eutL","rpmB"
"eutL","rpsJ"
"eutQ","ispA"
"evgA","purC"
"evgS","ydcL"
"evgS","yheM"
"exbB","ftsH"
"exbB","fusA"
"exbB","gadB"
"exbB","gapA"
"exbB","gnd"
"exbB","gpmA"
"exbB","groS"
"exbB","hflX"
"exbB","hns"
"exbB","htpG"
"exbB","hupA"
"exbB","hupB"
"exbB","infB"
"exbB","kdgK"
"exbB","lysU"
"exbB","malP"
"exbB","nadC"
"exbB","nuoC"
"exbB","nuoE"
"exbB","nuoF"
"exbB","otsA"
"exbB","pflB"
"exbB","phoA"
"exbB","pstS"
"exbB","purA"
"exbB","pykF"
"exbB","queA"
"exbB","rfaD"
"exbB","rplB"
"exbB","rplD"
"exbB","rplI"
"exbB","rplK"
"exbB","rplM"
"exbB","rplR"
"exbB","rplU"
"exbB","rplW"
"exbB","rplY"
"exbB","rpmB"
"exbB","rpsA"
"exbB","rpsF"
"exbB","rpsJ"
"exbB","rpsN"
"exbB","rpsP"
"exbB","tnaA"
"exbB","yfiD"
"exbD","fimA"
"exbD","groS"
"exbD","ihfA"
"exbD","ompA"
"exbD","osmY"
"exbD","rplJ"
"exbD","rplL"
"fabA","fabB"
"fabA","ffh"
"fabA","gadB"
"fabA","gapA"
"fabA","groS"
"fabA","hupA"
"fabA","metK"
"fabA","pflB"
"fabA","pgk"
"fabA","rplA"
"fabA","rplB"
"fabA","rplK"
"fabA","rplU"
"fabA","rpmB"
"fabA","rpsA"
"fabA","rpsC"
"fabA","rpsF"
"fabA","rpsM"
"fabA","rpsR"
"fabA","tig"
"fabA","yfcL"
"fabB","proC"
"fabF","wbbK"
"fabF","ycbZ"
"fabG","mrcA"
"fabG","wbbK"
"fabH","pepB"
"fabI","yfgI"
"fabI","yjgD"
"fabZ","ffh"
"fabZ","rplA"
"fabZ","rplB"
"fabZ","rplE"
"fabZ","rpmB"
"fabZ","rpsA"
"fabZ","rpsC"
"fabZ","rpsD"
"fabZ","rpsS"
"fadB","fruR"
"fadH","murB"
"fadH","narH"
"fadH","narY"
"fbaA","fldA"
"fbaA","putA"
"fbaA","treA"
"fbaB","groL"
"fbaB","groS"
"fbaB","nagB"
"fbaB","obgE"
"fbaB","ybbN"
"fdhD","gatZ"
"fdhD","groS"
"fdhD","ibpB"
"fdhD","iscS"
"fdhD","lysU"
"fdhD","map"
"fdhD","narJ"
"fdhD","rpsN"
"fdhE","fdnG"
"fdhE","fdnH"
"fdhE","fdoG"
"fdhE","groS"
"fdhE","iscR"
"fdhE","rplD"
"fdhE","sufE"
"fdhF","rplM"
"fdhF","rplU"
"fdhF","rpsD"
"fdhF","rpsH"
"fdhF","rpsM"
"fdhF","rpsR"
"fdhF","rpsS"
"fdhF","rpsT"
"fdhF","yfiF"
"fdnG","tufB"
"fdnH","fdoG"
"fdnH","holA"
"fdnH","tufB"
"feaB","ribE"
"feoB","yncB"
"fepG","yncB"
"ffh","lon"
"ffh","metK"
"ffh","rplA"
"ffh","rplJ"
"ffh","rpsD"
"ffh","rrmJ"
"ffh","tufB"
"ffh","yhbY"
"ffh","yodC"
"fhiA","hepA"
"fhuB","lpxA"
"fhuF","ilvD"
"fic","gltA"
"fic","rplT"
"fic","yeeR"
"fic","yhfG"
"fic","ymdC"
"fimA","murC"
"fimA","secA"
"fimA","serB"
"fimA","tbpA"
"fimA","torZ"
"fimA","ybaY"
"fimA","yciS"
"fimA","yjiN"
"fimB","parE"
"fimB","rplM"
"fimB","rplS"
"fimB","rplU"
"fimB","rplX"
"fimB","rpsC"
"fimB","rpsF"
"fimB","rpsH"
"fimB","rpsP"
"fimB","rpsR"
"fimB","yedR"
"fimD","murG"
"fimZ","uvrY"
"fis","hupB"
"fis","kdgR"
"fis","polA"
"fis","thiG"
"fis","uvrD"
"fis","yafC"
"fiu","yibA"
"fixB","rho"
"fixB","selB"
"fklB","glpF"
"fklB","proY"
"fklB","trkH"
"fkpA","mrcA"
"fkpA","ydeV"
"fkpB","flgI"
"fkpB","frmA"
"fkpB","hupA"
"fkpB","nuoI"
"fkpB","puuP"
"fkpB","rplI"
"fkpB","rpsA"
"fkpB","rpsM"
"fkpB","rpsN"
"fkpB","rpsP"
"fkpB","ycgX"
"fkpB","ydhU"
"fkpB","ygiQ"
"fkpB","yhbY"
"fldA","ispG"
"fldA","ubiX"
"flgD","ispF"
"flgI","intA"
"fliI","gapA"
"fliI","rplL"
"fliM","ycbL"
"fliY","groL"
"fliY","yaiL"
"fliY","ybhK"
"fliY","ygiF"
"fliY","yqjD"
"flk","yfcM"
"flu","gadB"
"flu","gapA"
"flu","groS"
"flu","hns"
"flu","hupA"
"flu","hupB"
"flu","mdh"
"flu","pflB"
"flu","pgk"
"flu","rho"
"flu","rplJ"
"flu","rplT"
"flu","rplW"
"flu","rpoA"
"flu","rpsN"
"flu","wrbA"
"flu","yfiD"
"flxA","ispA"
"fmt","yfaY"
"focB","lysU"
"folA","hsrA"
"folA","mdoB"
"folA","proS"
"folA","ssuD"
"folA","ybhC"
"folB","ygjG"
"folC","ynfF"
"folD","gabD"
"folD","gldA"
"folD","yaeT"
"folM","gabD"
"folM","sixA"
"folM","yjgD"
"folM","ynjB"
"frdA","insL-3"
"frdA","proC"
"frdA","ydcZ"
"frdC","prfA"
"frlA","yjgD"
"frlD","rpe"
"frlR","topB"
"frmA","intA"
"frmA","pstB"
"frmB","surE"
"frmB","yeiG"
"frmR","rfaD"
"frr","wbbK"
"frsA","sucC"
"frsA","yaeB"
"fruB","ribD"
"fruR","gltD"
"fruR","ssb"
"fruR","yfgB"
"frvX","gpmI"
"ftn","lolB"
"ftn","wbbK"
"ftn","yadG"
"ftsA","murB"
"ftsA","tdcE"
"ftsA","tufB"
"ftsA","yhhA"
"ftsE","groL"
"ftsE","groS"
"ftsE","ibpA"
"ftsE","murB"
"ftsE","murC"
"ftsE","murE"
"ftsE","sbcC"
"ftsE","ushA"
"ftsE","ynaA"
"ftsE","ypjL"
"ftsH","hflC"
"ftsH","lpxA"
"ftsH","nfi"
"ftsH","ppiB"
"ftsH","rplD"
"ftsH","rplL"
"ftsH","rplU"
"ftsH","yajC"
"ftsH","yciS"
"ftsK","ftsZ"
"ftsK","rpsJ"
"ftsK","ybhK"
"ftsK","yfiD"
"ftsL","rluA"
"ftsL","rplD"
"ftsW","groS"
"ftsW","phoA"
"ftsW","rplP"
"ftsW","rpsP"
"ftsW","rpsT"
"ftsX","rplK"
"ftsX","rplL"
"ftsX","rpsJ"
"ftsX","rpsN"
"ftsX","rpsT"
"ftsY","mraW"
"ftsY","ybgI"
"ftsZ","fusA"
"ftsZ","gatY"
"ftsZ","ibpA"
"ftsZ","ispG"
"ftsZ","malT"
"ftsZ","mreB"
"ftsZ","pstB"
"ftsZ","recA"
"ftsZ","secA"
"ftsZ","ybaY"
"fucK","ppiB"
"fucO","parE"
"fucU","rplL"
"fucU","rplM"
"fumA","ilvB"
"fumC","rpsN"
"fur","gltI"
"fur","minD"
"fur","mrcA"
"fur","yacL"
"fur","yaeT"
"fusA","hslU"
"fusA","htrE"
"fusA","hypD"
"fusA","mrcA"
"fusA","mreB"
"fusA","murE"
"fusA","murF"
"fusA","murG"
"fusA","murI"
"fusA","mutY"
"fusA","nadE"
"fusA","nagB"
"fusA","pepT"
"fusA","potF"
"fusA","pyrH"
"fusA","recA"
"fusA","rimI"
"fusA","rsgA"
"fusA","ybgI"
"fusA","yfdH"
"fusA","yfgB"
"fusA","yqjI"
"gabD","gcvP"
"gabD","gldA"
"gabD","gnd"
"gabD","yaeH"
"gabD","yaeT"
"gabD","yfcH"
"gabP","hslV"
"gadA","gadB"
"gadA","ssb"
"gadB","grpE"
"gadB","helD"
"gadB","lhr"
"gadB","lysU"
"gadB","mrcA"
"gadB","nagB"
"gadB","nuoC"
"gadB","proC"
"gadB","sucC"
"gadB","wbbK"
"gadB","yadG"
"gadB","ybaT"
"gadB","ybaY"
"gadB","ydjL"
"gadB","yiiD"
"gadB","yjeE"
"gadB","yjjU"
"gadB","yliG"
"gadB","yqhD"
"gadC","wbbK"
"gadC","yajC"
"gadE","rcsB"
"galF","galU"
"galF","hlyE"
"galF","yfaY"
"galF","yjiN"
"galM","ygfA"
"galR","recJ"
"galU","yfaY"
"gapA","helD"
"gapA","hybG"
"gapA","hypF"
"gapA","lhr"
"gapA","lysU"
"gapA","metL"
"gapA","mrcA"
"gapA","nagB"
"gapA","nusG"
"gapA","ogt"
"gapA","proC"
"gapA","rimI"
"gapA","rpoA"
"gapA","rpoB"
"gapA","rpoC"
"gapA","rpoD"
"gapA","rsgA"
"gapA","tktB"
"gapA","treA"
"gapA","wbbK"
"gapA","yacL"
"gapA","yciS"
"gapA","ydjL"
"gapA","yfjK"
"gapA","yhhP"
"gapA","yiiD"
"gapA","yjeE"
"garK","ybaK"
"gatA","pyrH"
"gatA","yjbL"
"gatB","ibpA"
"gatB","mreB"
"gatB","pyrH"
"gatD","pykA"
"gatD","yfaY"
"gatD","yfbR"
"gatD","yfbU"
"gatD","yicI"
"gatY","hypD"
"gatY","ibpA"
"gatY","ibpB"
"gatY","mreB"
"gatY","tufB"
"gatZ","hslU"
"gatZ","mreB"
"gatZ","phoP"
"gatZ","secA"
"gcd","lysS"
"gcd","ycfH"
"gcl","topB"
"gcvP","gltI"
"gcvP","gnd"
"gcvP","helD"
"gcvP","ppc"
"gcvP","yaeT"
"gcvP","ybhP"
"ggt","yieN"
"gidA","tas"
"gidA","trmE"
"gidA","yjgD"
"gidB","nadC"
"glcB","ppc"
"glcB","ybhP"
"gldA","narZ"
"gldA","talA"
"gldA","yaeT"
"gldA","yffS"
"glf","tdcD"
"glf","tig"
"glf","ynfE"
"glgC","ybhK"
"glgP","glnE"
"glgP","intA"
"glgP","ptsH"
"glgP","pykF"
"glgP","rpmB"
"glgP","trxC"
"glmM","infA"
"glmM","mscS"
"glmS","ispE"
"glmS","mrcA"
"glmS","trkH"
"glmS","ynbD"
"glmS","yohD"
"glnB","tig"
"glnB","yjgD"
"glnE","gltA"
"glnE","rpsD"
"glnE","tig"
"glnK","uvrC"
"glnP","hupA"
"glnP","rpsN"
"glnQ","hdeB"
"glnQ","hpt"
"glnQ","tdcE"
"glnQ","zntA"
"glnS","yggH"
"gloA","groL"
"gloA","groS"
"gloA","nikA"
"gloA","pta"
"gloA","slyD"
"gloA","speA"
"gloB","hsdM"
"glpC","rfaD"
"glpC","rplP"
"glpC","rpsC"
"glpC","slyD"
"glpC","tig"
"glpC","yibA"
"glpC","yjgD"
"glpD","yciS"
"glpD","yhdP"
"glpD","yjjU"
"glpK","gltB"
"glpK","lhr"
"glpK","motB"
"glpK","nagB"
"glpK","rimI"
"glpK","yeiG"
"gltA","groS"
"gltA","iscS"
"gltA","osmY"
"gltA","pcnB"
"gltA","rfaD"
"gltA","rho"
"gltA","tig"
"gltA","wbbK"
"gltA","yacL"
"gltA","ybgI"
"gltA","yegS"
"gltA","ygaD"
"gltA","yjgD"
"gltA","ypfJ"
"gltB","gltD"
"gltB","katG"
"gltD","gnd"
"gltD","murF"
"gltD","rfaD"
"gltD","rplU"
"gltD","rpsC"
"gltD","rpsI"
"gltD","rpsN"
"gltD","tufB"
"gltI","gltL"
"gltI","gnd"
"gltJ","ribE"
"gltS","ihfB"
"glvG","intA"
"glyA","mrcA"
"glyA","wbbK"
"glyA","yneF"
"glyQ","lldD"
"glyQ","nadE"
"glyQ","rplD"
"glyQ","rplE"
"glyQ","rplF"
"glyQ","rplM"
"glyQ","rplP"
"glyQ","rplS"
"glyQ","rplU"
"glyQ","rpmB"
"glyQ","rpsM"
"glyQ","rpsP"
"glyQ","tufB"
"glyQ","ybgI"
"glyS","ybaD"
"gmd","ylbA"
"gmhB","kduI"
"gmhB","rnr"
"gmhB","rplA"
"gmhB","rplB"
"gmhB","rplD"
"gmhB","rplM"
"gmhB","rplP"
"gmhB","rplT"
"gmhB","rplU"
"gmhB","rpmB"
"gmhB","rpsC"
"gmhB","rpsD"
"gmhB","rpsF"
"gmhB","rpsH"
"gmhB","rpsI"
"gmhB","rpsJ"
"gmhB","rpsK"
"gmhB","rpsL"
"gmhB","rpsM"
"gmhB","rpsN"
"gmhB","rpsO"
"gmhB","rpsR"
"gmhB","rpsS"
"gmhB","rpsT"
"gmhB","sufC"
"gmr","pmbA"
"gmr","tldD"
"gmr","ydfU"
"gnd","mrcA"
"gnd","ndh"
"gnd","yjdJ"
"gnd","yliG"
"gntY","luxS"
"gntY","yqgE"
"gpmA","hflK"
"gpmA","nagC"
"gpmA","yeiG"
"gpmI","yegV"
"gpmI","ygiT"
"gpmI","yhdH"
"gpmI","yhiI"
"gpmI","yjhP"
"gpsA","hupA"
"gpsA","rplW"
"gpsA","rpsA"
"greA","guaB"
"greA","mrcA"
"greA","rpoA"
"groL","grpE"
"groL","helD"
"groL","hyfG"
"groL","ispH"
"groL","mazG"
"groL","moaA"
"groL","mreB"
"groL","napD"
"groL","nei"
"groL","nfi"
"groL","nikD"
"groL","ogt"
"groL","pepN"
"groL","ppa"
"groL","prsA"
"groL","pstB"
"groL","pth"
"groL","pyrD"
"groL","pyrH"
"groL","recF"
"groL","rfbC"
"groL","ribD"
"groL","rsgA"
"groL","ruvB"
"groL","sspA"
"groL","ulaR"
"groL","ybbL"
"groL","ybbN"
"groL","ycgF"
"groL","ycgR"
"groL","ydjQ"
"groL","yfiQ"
"groL","yfjK"
"groL","ygfA"
"groL","yhbJ"
"groL","yhbU"
"groL","yhdJ"
"groL","yhiF"
"groL","yidA"
"groL","yjeE"
"groL","yqaB"
"groL","yrbF"
"groL","znuC"
"groS","grpE"
"groS","helD"
"groS","hemB"
"groS","hyaA"
"groS","hyfG"
"groS","hypD"
"groS","leuS"
"groS","lipA"
"groS","lolD"
"groS","lon"
"groS","mak"
"groS","mazG"
"groS","moaA"
"groS","mrcA"
"groS","mreB"
"groS","murB"
"groS","murC"
"groS","nagB"
"groS","napD"
"groS","nei"
"groS","nfi"
"groS","ogt"
"groS","pepN"
"groS","potF"
"groS","prsA"
"groS","pstB"
"groS","putA"
"groS","recA"
"groS","recD"
"groS","recF"
"groS","renD"
"groS","rfaD"
"groS","rsgA"
"groS","ruvB"
"groS","ruvC"
"groS","sapF"
"groS","sgbH"
"groS","tig"
"groS","tktB"
"groS","torD"
"groS","torZ"
"groS","ulaR"
"groS","uspG"
"groS","wbbJ"
"groS","wbbK"
"groS","yadG"
"groS","yafD"
"groS","yafZ"
"groS","ybbN"
"groS","ybbP"
"groS","ybdR"
"groS","ybgI"
"groS","ycgF"
"groS","ycjF"
"groS","ydjQ"
"groS","yedY"
"groS","yffL"
"groS","yfiQ"
"groS","yfjK"
"groS","yhbJ"
"groS","yhbU"
"groS","yhbW"
"groS","yhbY"
"groS","yhdP"
"groS","yhjD"
"groS","yjeE"
"groS","yjgF"
"groS","yjhP"
"groS","yjiE"
"groS","yjjU"
"groS","ylbG"
"groS","ypfI"
"groS","yqaB"
"groS","yraR"
"groS","yrbF"
"groS","znuC"
"grpE","infB"
"grpE","mntH"
"grpE","thiG"
"grpE","ydjL"
"grpE","yieN"
"grxB","tufB"
"gshA","yjgD"
"gsk","ybhK"
"gss","rho"
"guaB","holC"
"guaC","mltD"
"guaC","pepD"
"guaC","pepP"
"guaC","purC"
"guaC","yjgD"
"gyrA","gyrB"
"gyrA","infC"
"gyrA","kdsA"
"gyrA","metK"
"gyrA","mog"
"gyrA","mreB"
"gyrA","parC"
"gyrA","proC"
"gyrA","pstB"
"gyrA","recA"
"gyrA","rho"
"gyrA","smpB"
"gyrA","ssb"
"gyrA","tufB"
"gyrA","yacG"
"gyrA","ybgI"
"gyrA","yffS"
"gyrA","yncE"
"gyrB","metK"
"gyrB","metN"
"gyrB","moaA"
"gyrB","parE"
"gyrB","phoP"
"gyrB","prfC"
"gyrB","smpB"
"gyrB","tufB"
"gyrB","yacG"
"gyrB","ybgI"
"gyrB","yfgB"
"hcaB","lpxA"
"hda","murA"
"hda","nfrA"
"hda","prsA"
"hda","recA"
"hda","yaiP"
"hda","yejE"
"hdeA","mhpF"
"hdeA","serB"
"hdeA","treA"
"hdeA","yhhW"
"hdeA","zntA"
"hdeB","mak"
"hdeB","mrcA"
"hdeB","purL"
"hdeB","rspA"
"hdeB","thrC"
"hdeB","ybaY"
"hdeB","zntA"
"hdeD","yebC"
"hdfR","yfbU"
"helD","infB"
"helD","lipA"
"helD","pflB"
"helD","pgk"
"helD","ptsI"
"helD","rplD"
"helD","rplL"
"helD","rplU"
"helD","rpsA"
"helD","tpiA"
"helD","tufB"
"hemB","hupA"
"hemB","mrcB"
"hemB","pps"
"hemB","rpsN"
"hemB","yfiD"
"hemN","phnI"
"hemN","ybgI"
"hemX","yciS"
"hemY","phnI"
"hemY","phnJ"
"hemY","phnK"
"hemY","rbsA"
"hemY","yciS"
"hepA","murA"
"hepA","nusA"
"hepA","nusG"
"hepA","rpoA"
"hepA","rpoB"
"hepA","rpoC"
"hepA","rpoZ"
"hepA","yacL"
"hfq","hlpA"
"hfq","hrpA"
"hfq","hupA"
"hfq","hupB"
"hfq","lon"
"hfq","lpxD"
"hfq","nfi"
"hfq","pgk"
"hfq","pnp"
"hfq","rho"
"hfq","rluB"
"hfq","rne"
"hfq","rng"
"hfq","rnr"
"hfq","rplA"
"hfq","rplB"
"hfq","rplD"
"hfq","rplI"
"hfq","rplL"
"hfq","rplM"
"hfq","rplO"
"hfq","rplS"
"hfq","rplT"
"hfq","rplU"
"hfq","rplX"
"hfq","rpmB"
"hfq","rpoA"
"hfq","rpsA"
"hfq","rpsC"
"hfq","rpsD"
"hfq","rpsF"
"hfq","rpsM"
"hfq","rpsP"
"hfq","rpsR"
"hfq","secA"
"hfq","selB"
"hfq","spoT"
"hfq","tgt"
"hfq","tig"
"hfq","tufB"
"hfq","yacL"
"hfq","ycbY"
"hfq","yfiF"
"hfq","ygiF"
"hinT","mltD"
"hinT","ydeP"
"hinT","yfgB"
"hinT","yjhH"
"hipA","tehB"
"hipA","ycgE"
"hisB","yliJ"
"hisS","hlpA"
"hlpA","hupB"
"hlpA","hyaA"
"hlpA","nuoG"
"hlpA","rplU"
"hlpA","rplX"
"hlpA","smpB"
"hlpA","yaeT"
"hlpA","ybgI"
"hlpA","yeeX"
"hlpA","yfgB"
"hlpA","ygaM"
"hlpA","yhhP"
"hlpA","yhjD"
"hlpA","ynfG"
"hns","hupA"
"hns","hupB"
"hns","kdgR"
"hns","mak"
"hns","mrcA"
"hns","nfi"
"hns","nlpD"
"hns","purA"
"hns","purL"
"hns","putA"
"hns","rob"
"hns","rplX"
"hns","secA"
"hns","ssb"
"hns","stpA"
"hns","thrC"
"hns","tig"
"hns","tktB"
"hns","torZ"
"hns","uvrB"
"hns","wbbK"
"hns","yafC"
"hns","ybbO"
"hns","yciS"
"hns","ydgT"
"hns","yegH"
"hns","yffS"
"hns","yodD"
"holA","holB"
"holA","holC"
"holA","holD"
"holA","holE"
"holA","macA"
"holA","nusB"
"holA","ppx"
"holA","trmD"
"holA","ydcK"
"holA","yehB"
"holB","holC"
"holB","holD"
"holB","holE"
"holB","nusB"
"holB","rplA"
"holB","rpmB"
"holB","trmD"
"holB","ybbN"
"holB","yfiF"
"holC","holD"
"holC","holE"
"holC","nusB"
"holC","pinR"
"holC","priA"
"holC","recQ"
"holC","rplB"
"holC","rplD"
"holC","rplL"
"holC","rplS"
"holC","rpmB"
"holC","rpmC"
"holC","rpmG"
"holC","rpsN"
"holC","ssb"
"holC","topA"
"holC","topB"
"holC","trmD"
"holC","yoaA"
"holD","holE"
"holD","recQ"
"holD","rplL"
"holD","rplU"
"holD","secA"
"holD","ssb"
"holD","topB"
"holD","trmD"
"holD","ugpB"
"holE","rplL"
"holE","ssb"
"holE","topA"
"holE","tufB"
"holE","ugpB"
"holE","ybbN"
"hpt","lspA"
"hpt","slyD"
"hpt","speC"
"hpt","zntA"
"hrpA","polA"
"hrpA","rluB"
"hrpA","rluC"
"hrpA","rplA"
"hrpA","rpsA"
"hrpA","rpsC"
"hrpA","tufB"
"hrpA","ybcJ"
"hrpA","yeeX"
"hrpA","yfgB"
"hrpA","yfiF"
"hrpB","rplL"
"hrpB","ycjV"
"hscA","iscU"
"hscA","rplJ"
"hscA","ygeQ"
"hscB","htpG"
"hscB","metK"
"hscB","tufB"
"hscC","uvrY"
"hscC","yffL"
"hscC","yhjK"
"hsdM","hsdR"
"hsdM","hsdS"
"hsdM","hupB"
"hsdM","nfi"
"hsdM","rpe"
"hsdM","tsf"
"hsdM","ubiD"
"hsdM","ung"
"hsdM","uvrB"
"hsdR","hsdS"
"hsdR","rplL"
"hsdS","hupA"
"hsdS","hupB"
"hsdS","malP"
"hsdS","rplD"
"hsdS","rplU"
"hsdS","yhiN"
"hslJ","ilvI"
"hslO","nikD"
"hslR","sbcC"
"hslR","yagG"
"hslR","ycfS"
"hslR","ydhA"
"hslU","hslV"
"hslU","metE"
"hslU","metK"
"hslU","mglB"
"hslU","mreB"
"hslU","ompX"
"hslU","recA"
"hslU","ribD"
"hslU","rplL"
"hslU","rpsJ"
"hslU","thrA"
"hslU","tufB"
"hslU","ydeN"
"hslU","ydgA"
"hslV","lon"
"hslV","putA"
"hslV","rplD"
"hslV","rplS"
"hslV","yhjD"
"hslV","yihI"
"htpG","hyfG"
"htpG","mcrB"
"htpG","ugpB"
"htpG","wbbK"
"htpG","ycbW"
"htpG","yeaI"
"htpG","yggR"
"htrE","leuS"
"hupA","hupB"
"hupA","iscR"
"hupA","kdgR"
"hupA","kdsA"
"hupA","mak"
"hupA","malP"
"hupA","malQ"
"hupA","mrcA"
"hupA","mrcB"
"hupA","nfi"
"hupA","nikB"
"hupA","nlpD"
"hupA","nudH"
"hupA","otsA"
"hupA","oxc"
"hupA","pnp"
"hupA","polA"
"hupA","proC"
"hupA","putA"
"hupA","pykF"
"hupA","queA"
"hupA","rluB"
"hupA","rluC"
"hupA","rnhA"
"hupA","rnpA"
"hupA","rnr"
"hupA","rob"
"hupA","rplM"
"hupA","rplW"
"hupA","rpoA"
"hupA","rpoB"
"hupA","rpoC"
"hupA","slyD"
"hupA","smpB"
"hupA","spoT"
"hupA","ssb"
"hupA","topB"
"hupA","uvrB"
"hupA","uvrC"
"hupA","wbbK"
"hupA","ybbO"
"hupA","ybcJ"
"hupA","ybeZ"
"hupA","ybiN"
"hupA","ybjX"
"hupA","yciS"
"hupA","ycjF"
"hupA","yeeX"
"hupA","yfbR"
"hupA","yfbU"
"hupA","yfgB"
"hupA","yfiF"
"hupA","ygfT"
"hupA","yhjD"
"hupA","yjiN"
"hupA","yjjU"
"hupA","yncE"
"hupA","ypfJ"
"hupA","yqjI"
"hupA","zntA"
"hupB","ihfA"
"hupB","ihfB"
"hupB","infC"
"hupB","malP"
"hupB","malQ"
"hupB","nei"
"hupB","nfi"
"hupB","nudH"
"hupB","polA"
"hupB","pqqL"
"hupB","proC"
"hupB","pykF"
"hupB","queA"
"hupB","rdgC"
"hupB","rluB"
"hupB","rluC"
"hupB","rob"
"hupB","rpoA"
"hupB","seqA"
"hupB","smpB"
"hupB","tgt"
"hupB","ulaR"
"hupB","uvrB"
"hupB","ybbO"
"hupB","ybcJ"
"hupB","ybiN"
"hupB","ybjX"
"hupB","yccK"
"hupB","yccW"
"hupB","yeeX"
"hupB","yejK"
"hupB","yfiQ"
"hupB","yggE"
"hupB","yhhX"
"hupB","yhjD"
"hupB","yncE"
"hupB","yraN"
"hyaA","hyaB"
"hyaA","miaB"
"hyaA","rplB"
"hyaA","rplW"
"hyaA","rplX"
"hyaA","secA"
"hyaA","slyD"
"hyaA","tufB"
"hyaB","hyaE"
"hyaB","hybG"
"hyaB","lolB"
"hyaB","ygfK"
"hyaD","hyaE"
"hyaD","ileS"
"hyaE","rplM"
"hyaE","secA"
"hyaE","yghF"
"hyaE","yrdA"
"hybC","hybD"
"hybC","hybG"
"hybC","hypC"
"hybC","hypD"
"hybC","hypF"
"hybC","rplL"
"hybC","rpmB"
"hybC","rpsJ"
"hybC","rpsN"
"hybC","ybcJ"
"hybC","yrbF"
"hybD","prfC"
"hybD","wrbA"
"hybE","hybO"
"hybG","hycE"
"hybG","hypC"
"hybG","hypD"
"hybG","hypE"
"hybG","hypF"
"hybG","mreB"
"hybG","ompA"
"hybG","recA"
"hybG","slyD"
"hybG","ycaL"
"hybG","ygjD"
"hybO","yhbO"
"hycC","rcsA"
"hycE","hypC"
"hycG","metN"
"hycG","yraM"
"hycI","yafQ"
"hyfA","yhcM"
"hyfB","murE"
"hyfB","murG"
"hyfB","ychJ"
"hyfE","lepA"
"hyfE","rplJ"
"hyfE","rpsN"
"hyfE","rpsP"
"hyfE","rpsT"
"hyfE","wcaI"
"hyfG","hypC"
"hyfR","prfA"
"hyi","nanE"
"hypA","narH"
"hypA","rplT"
"hypA","tufB"
"hypB","hypC"
"hypB","slyD"
"hypB","yfeA"
"hypB","yfhK"
"hypC","hypD"
"hypC","lysS"
"hypC","rplL"
"hypC","rpmB"
"hypC","slyD"
"hypC","tig"
"hypC","tpiA"
"hypC","yfiQ"
"hypD","hypE"
"hypD","iscS"
"hypD","mreB"
"hypD","ompC"
"hypD","recA"
"hypD","rpmB"
"hypD","tufB"
"hypF","rpmB"
"ibpA","ibpB"
"ibpA","infB"
"ibpA","lpxM"
"ibpA","malK"
"ibpA","malT"
"ibpA","malZ"
"ibpA","metK"
"ibpA","mreB"
"ibpA","pflB"
"ibpA","pnp"
"ibpA","pstB"
"ibpA","sucC"
"ibpA","thrS"
"ibpA","uspA"
"ibpA","uspG"
"ibpA","yadG"
"ibpA","ybgI"
"ibpA","ybiY"
"ibpA","yicR"
"ibpA","yjiZ"
"ibpA","yodC"
"ibpB","malT"
"ibpB","mreB"
"ibpB","pstB"
"iclR","rfaD"
"iclR","rplA"
"iclR","rplM"
"iclR","rplT"
"iclR","rplX"
"iclR","rpsF"
"iclR","rpsH"
"iclR","rpsM"
"idnD","lysS"
"idnD","yecC"
"idnT","ybhK"
"ihfA","ihfB"
"ihfA","iscR"
"ihfA","kdgR"
"ihfA","mrcA"
"ihfA","nfi"
"ihfA","rluB"
"ihfA","rnr"
"ihfA","rob"
"ihfA","uspF"
"ihfA","ybaT"
"ihfA","ybbO"
"ihfA","ybcJ"
"ihfA","yeeX"
"ihfB","nfi"
"ihfB","rpoC"
"ihfB","uxuB"
"ileS","map"
"ileS","ppk"
"ileS","rbsB"
"ileS","tufB"
"ileS","yjgL"
"ilvA","katG"
"ilvA","surA"
"ilvB","lpxK"
"ilvD","metN"
"ilvH","yieE"
"ilvI","pdxH"
"ilvI","rplI"
"ilvI","rpmB"
"ilvI","rpsA"
"infA","metK"
"infB","nusA"
"infB","phoA"
"infB","phoP"
"infB","pykA"
"infB","rpoD"
"infB","sucC"
"infB","tig"
"infB","ybgI"
"infB","yfgB"
"infB","zwf"
"infC","nadE"
"infC","parC"
"infC","parE"
"infC","plsB"
"infC","rluB"
"infC","rng"
"infC","rnpA"
"infC","rnr"
"infC","rplB"
"infC","rplD"
"infC","rplK"
"infC","rplO"
"infC","rplS"
"infC","rplT"
"infC","rplU"
"infC","rpsA"
"infC","rpsC"
"infC","rpsD"
"infC","rpsF"
"infC","rpsH"
"infC","rpsI"
"infC","rpsJ"
"infC","rpsM"
"infC","rpsN"
"infC","rpsO"
"infC","rpsP"
"infC","rpsR"
"infC","rpsS"
"infC","rpsT"
"infC","rpsU"
"infC","srmB"
"infC","sufC"
"infC","yaaW"
"infC","ydiI"
"infC","yeeX"
"infC","yfgB"
"infC","yfiF"
"infC","yggE"
"infC","yhbY"
"intA","nuoI"
"intA","ppc"
"intA","puuP"
"intA","yccV"
"intA","ycgX"
"intA","ydhU"
"intA","ygiQ"
"intA","yihI"
"intB","pflB"
"intE","yodC"
"intZ","ygaU"
"iscA","kch"
"iscA","talA"
"iscA","yfhJ"
"iscR","rpmB"
"iscS","iscU"
"iscS","yebG"
"iscS","yedD"
"iscS","yhhP"
"iscU","pheP"
"iscU","proA"
"iscU","sucD"
"iscU","ycfZ"
"iscU","ygfA"
"ispA","plsB"
"ispA","purT"
"ispA","rho"
"ispA","rplA"
"ispA","rpsC"
"ispA","rpsD"
"ispA","tufB"
"ispF","rfaD"
"ispF","rpsJ"
"ispH","pth"
"katG","malQ"
"katG","mrcA"
"katG","ppa"
"kbl","tig"
"kbl","ydcP"
"kdgK","menD"
"kdgK","otsA"
"kdgK","rspA"
"kdgK","thrC"
"kdgK","yhdP"
"kdgR","lipA"
"kdgR","malP"
"kdgR","manX"
"kdgR","polA"
"kdgR","purR"
"kdgR","rdgC"
"kdgR","rpoA"
"kdgR","rpoB"
"kdgR","rpoC"
"kdgR","rpoD"
"kdgR","rpoH"
"kdgR","slyD"
"kdgR","topA"
"kdgR","uvrA"
"kdgR","xseB"
"kdgR","yciT"
"kdgR","yebR"
"kdgR","yebV"
"kdgR","ymfD"
"kdgR","ynjE"
"kdgR","yodD"
"kdsA","lon"
"kdsA","malP"
"kdsA","murE"
"kdsA","polA"
"kdsA","rfaD"
"kdsA","rplA"
"kdsA","rplD"
"kdsA","rplE"
"kdsA","rplL"
"kdsA","rplS"
"kdsA","rplU"
"kdsA","rplX"
"kdsA","rpsC"
"kdsA","rpsI"
"kdsA","rpsM"
"kdsA","rpsN"
"kdsA","yagG"
"kdsA","ycbZ"
"kdsA","yihR"
"kdsA","ypeA"
"kdsB","ppa"
"kdsB","ydhM"
"kdsB","yfbS"
"kdsB","yjaH"
"kdsC","rfaD"
"kdsC","rplA"
"kdsC","rplM"
"kdsC","rplP"
"kdsC","slyD"
"kdsC","ycgF"
"kdsD","rplP"
"kdsD","rplS"
"kdsD","rpmB"
"kdsD","rpsM"
"kdsD","rpsT"
"kdsD","yecA"
"kdsD","yjgD"
"kdtA","murE"
"kdtA","ppa"
"kdtA","tig"
"kdtA","tufB"
"kduI","queA"
"kefA","nusG"
"kefA","secA"
"kefA","yacL"
"kefA","yidH"
"kefF","metQ"
"ldcA","stfQ"
"ldhA","mak"
"ldhA","treA"
"lepA","macA"
"lepA","puuP"
"lepA","recE"
"lepA","yciU"
"lepA","ydaN"
"lepA","yeiN"
"lepA","yidX"
"leuA","sucC"
"leuA","sucD"
"leuC","leuD"
"leuC","pgm"
"leuC","pps"
"leuC","rpmB"
"leuC","rpsP"
"leuC","talB"
"leuC","tig"
"leuD","nuoG"
"leuD","pps"
"leuD","putA"
"leuD","rpsP"
"leuD","talB"
"leuS","ligA"
"leuS","map"
"leuS","ppa"
"leuS","prfA"
"leuS","prfB"
"leuS","prsA"
"leuS","rplD"
"leuS","yeaP"
"lhr","ompA"
"lhr","pflB"
"lhr","pgk"
"lhr","pstS"
"lhr","pta"
"lhr","purC"
"lhr","rfaD"
"lhr","rplE"
"lhr","rpoA"
"lhr","rpsA"
"lhr","rpsD"
"lhr","tig"
"lhr","tsf"
"lhr","wrbA"
"lhr","yfiD"
"ligA","mreB"
"ligA","mreC"
"ligA","prsA"
"ligA","recE"
"ligA","ykgC"
"lipA","malQ"
"lipA","murC"
"lipA","sucA"
"lldD","rfaD"
"lldD","yicR"
"lldP","rcsB"
"lnt","pykA"
"lolA","rplL"
"lolA","rplM"
"lolA","ygdI"
"lolB","lon"
"lolB","murF"
"lolB","pflB"
"lolB","ppiD"
"lolB","rfaD"
"lolB","rho"
"lolB","rpsA"
"lolB","rpsC"
"lolB","secB"
"lolB","slyD"
"lolB","srmB"
"lolB","ychN"
"lolB","yrfF"
"lolD","metK"
"lolD","tufB"
"lomR","lpxD"
"lon","nfo"
"lon","rplA"
"lon","rplI"
"lon","rplM"
"lon","rplU"
"lon","rpsC"
"lon","rrmJ"
"lon","secB"
"lon","ssb"
"lon","tufB"
"lon","ybgI"
"lon","yeeX"
"lon","yhbU"
"lon","yjgL"
"lon","yjjU"
"lon","yodC"
"lpcA","yegH"
"lplA","ybdH"
"lpp","torZ"
"lpxA","prsA"
"lpxA","ribB"
"lpxA","rpsC"
"lpxA","ydiI"
"lpxA","yqcD"
"lpxB","prsA"
"lpxB","rpsD"
"lpxB","torC"
"lpxB","tufB"
"lpxC","pyrH"
"lpxD","pssA"
"lpxD","rfaD"
"lpxD","rho"
"lpxD","rluB"
"lpxD","rnk"
"lpxD","rplA"
"lpxD","rplB"
"lpxD","rplD"
"lpxD","rplI"
"lpxD","rplO"
"lpxD","rplP"
"lpxD","rplU"
"lpxD","rpsC"
"lpxD","rpsD"
"lpxD","ydgI"
"lpxD","yeeX"
"lpxD","yfiF"
"lpxD","yjfI"
"lpxH","rpsM"
"lpxH","rpsS"
"lrp","yfhM"
"lrp","yjhS"
"lspA","rpsP"
"lsrC","yfeW"
"lsrG","ycjY"
"luxS","mrcA"
"luxS","yhdP"
"lysR","ulaR"
"lysS","lysU"
"lysS","nagB"
"lysS","pdxJ"
"lysS","plsX"
"lysS","rhaS"
"lysS","rhsA"
"lysS","sgcE"
"lysS","tdcD"
"lysS","ucpA"
"lysS","ybaZ"
"lysS","ycjF"
"lysS","yfcX"
"lysS","yfgB"
"lysS","ygeV"
"lysS","ypdF"
"lysS","ytfG"
"lysU","mrcA"
"lysU","nlpI"
"lysU","pepA"
"lysU","pflB"
"lysU","pgk"
"lysU","rfaD"
"lysU","rimI"
"lysU","rplY"
"lysU","serS"
"lysU","sspA"
"lysU","tnaA"
"lysU","tpiA"
"lysU","wbbK"
"lysU","wrbA"
"lysU","yagJ"
"lysU","ydhJ"
"lysU","yfcZ"
"lysU","yfiD"
"lysU","yhjX"
"maa","map"
"maa","rfaD"
"macA","uidA"
"maeB","nrdA"
"maeB","ycjZ"
"maeB","ynbB"
"mak","pflB"
"mak","pgm"
"mak","pps"
"mak","queA"
"mak","rplA"
"mak","rplI"
"mak","rplO"
"mak","rplR"
"mak","rplX"
"mak","rplY"
"mak","rpmC"
"mak","rpsM"
"mak","rpsT"
"mak","slyD"
"mak","talB"
"mak","tig"
"mak","yajQ"
"mak","yfcZ"
"mak","yfiD"
"mak","yiiU"
"mak","yjbJ"
"malE","ydjL"
"malE","yidH"
"malK","mreB"
"malK","ybgI"
"malP","nfi"
"malP","pnp"
"malP","polA"
"malP","rluB"
"malP","rnhA"
"malP","rplA"
"malP","rplI"
"malP","rplM"
"malP","rplS"
"malP","rplU"
"malP","rpoC"
"malP","rpsP"
"malP","smpB"
"malP","ssb"
"malP","topA"
"malP","uvrD"
"malP","ycjY"
"malP","yeeX"
"malP","yffS"
"malP","yhbY"
"malP","yjdJ"
"malQ","minD"
"malQ","nagC"
"malQ","yebY"
"malS","prmA"
"malT","mreB"
"malT","pstB"
"malT","tufB"
"malT","ygaM"
"malX","pykA"
"manA","minC"
"manA","mrcA"
"manA","ycbY"
"manA","ydfT"
"manA","yrdC"
"manX","rpmB"
"manX","rpoN"
"manX","rpoS"
"manX","yebR"
"map","mdtB"
"map","recE"
"map","uidR"
"map","yeaP"
"marA","ybaZ"
"mcrB","ybeX"
"mcrB","yjeF"
"mdh","mrcA"
"mdh","proC"
"mdh","trmE"
"mdh","yhjG"
"mdlA","ymfD"
"mdoG","ygaM"
"mdtD","prmA"
"mdtL","yicC"
"melB","yfgB"
"menB","rfaD"
"menB","rpsN"
"menE","menF"
"metC","yicI"
"metE","sucC"
"metE","yjeE"
"metG","nrdD"
"metG","ugpB"
"metG","ybgI"
"metJ","nusA"
"metK","mreB"
"metK","nuoC"
"metK","polA"
"metK","pstB"
"metK","recA"
"metK","secA"
"metK","tufB"
"metK","yfgB"
"metK","ygjD"
"metK","yodC"
"metN","mntR"
"metN","perR"
"metN","uvrD"
"metN","wcaC"
"metN","yfeA"
"metN","yhjB"
"metN","yjhC"
"metQ","yahK"
"metQ","yfaY"
"metQ","ymcD"
"mfd","pheT"
"mfd","tdcC"
"mfd","yffB"
"mglB","trxC"
"mgsA","rfaD"
"mgtA","rcsB"
"mhpE","mhpF"
"mhpR","ymfB"
"miaB","mreB"
"miaB","pstB"
"miaB","sucC"
"miaB","ybgI"
"miaB","ygaM"
"miaB","yjjV"
"minD","mreB"
"minD","nagC"
"minD","secA"
"minD","yodC"
"minE","yncE"
"mltD","yciN"
"mngA","sspA"
"moaA","rplU"
"moaA","smpB"
"moaC","rplS"
"moaC","rpmB"
"moaD","moaE"
"moaD","rplL"
"moaE","mobB"
"moeA","pfkA"
"motA","secA"
"mpl","yjgD"
"mraW","rpsJ"
"mraW","yadC"
"mraZ","yjeF"
"mrcA","osmC"
"mrcA","pflB"
"mrcA","pgk"
"mrcA","pgm"
"mrcA","pstS"
"mrcA","rfbB"
"mrcA","ribE"
"mrcA","rplA"
"mrcA","rplB"
"mrcA","rplE"
"mrcA","rplI"
"mrcA","rplJ"
"mrcA","rplK"
"mrcA","rplO"
"mrcA","rplP"
"mrcA","rplR"
"mrcA","rplS"
"mrcA","rplX"
"mrcA","rplY"
"mrcA","rpmC"
"mrcA","rpsA"
"mrcA","rpsD"
"mrcA","rpsJ"
"mrcA","rpsK"
"mrcA","rpsM"
"mrcA","rpsN"
"mrcA","rpsP"
"mrcA","rpsS"
"mrcA","talB"
"mrcA","tig"
"mrcA","tsf"
"mrcA","tufB"
"mrcA","ugpB"
"mrcA","wrbA"
"mrcA","ybaB"
"mrcA","yccJ"
"mrcA","yfcZ"
"mrcA","yfiD"
"mrcA","yiiT"
"mrcA","yqjD"
"mrcB","pps"
"mrcB","talB"
"mrdA","tufB"
"mrdA","ybgL"
"mrdA","ygaM"
"mrdB","murF"
"mreB","narG"
"mreB","nrdA"
"mreB","nuoC"
"mreB","nusG"
"mreB","ompC"
"mreB","parC"
"mreB","phoP"
"mreB","pnp"
"mreB","pstB"
"mreB","recA"
"mreB","rho"
"mreB","rplE"
"mreB","rpoA"
"mreB","rpsF"
"mreB","secA"
"mreB","tufB"
"mreB","uspG"
"mreB","ybeD"
"mreB","ybgI"
"mreB","ydiH"
"mreB","yfgB"
"mreB","yhdA"
"mreB","yjbH"
"mreB","yjgD"
"mreB","yliJ"
"msbA","prmA"
"mscL","mutM"
"mtlD","recJ"
"mtlD","ybbP"
"mtlD","yncI"
"mukB","mukE"
"mukB","mukF"
"mukB","rplB"
"mukB","rplL"
"mukB","rplM"
"mukB","rplR"
"mukB","rpmB"
"mukB","rpsD"
"mukB","rpsJ"
"mukB","rpsP"
"mukB","tufB"
"mukB","xerD"
"mukB","xseB"
"mukB","yqeF"
"mukE","mukF"
"mukE","ybgI"
"murA","prsA"
"murA","wzc"
"murA","yhgF"
"murB","murC"
"murC","rplI"
"murC","rplJ"
"murC","rpsJ"
"murC","rpsN"
"murC","tufB"
"murC","yfcC"
"murC","yfiD"
"murC","yiaH"
"murC","ytfT"
"murD","sgcE"
"murD","yrfB"
"murE","murF"
"murE","murG"
"murE","rfaD"
"murE","rpsJ"
"murE","yaeL"
"murF","parC"
"murF","pykF"
"murF","rihC"
"murF","yceQ"
"murF","yedV"
"murG","tufB"
"murG","ybda"
"murG","yphH"
"mutH","rpsJ"
"mutL","rpsA"
"mutS","tufB"
"mutT","ygfT"
"mutY","tdcB"
"nadC","nuoG"
"nadC","purL"
"nadC","rplF"
"nadC","rplK"
"nadC","rpsS"
"nadE","rpsA"
"nagB","pflB"
"nagB","pgk"
"nagB","phoA"
"nagB","pstS"
"nagB","pta"
"nagB","rplB"
"nagB","rplE"
"nagB","rplF"
"nagB","rpoA"
"nagB","rpsD"
"nagB","rpsJ"
"nagB","sucC"
"nagB","tig"
"nagB","tnaA"
"nagB","treC"
"nagB","tufB"
"nagB","ugpB"
"nagK","pinQ"
"nagK","pinR"
"nagK","prfB"
"nagK","zntR"
"nanE","yedO"
"nanK","yeeZ"
"napA","nusG"
"napA","panC"
"napA","rpmB"
"napA","rpsN"
"napA","ushA"
"napA","yacL"
"napD","pta"
"napD","rplW"
"napD","yacL"
"napD","yajQ"
"napD","ybaX"
"napH","ycaJ"
"narG","narH"
"narG","narJ"
"narG","narW"
"narG","narY"
"narG","rfaD"
"narG","ybgI"
"narG","ycdR"
"narG","yjgD"
"narH","narJ"
"narH","narW"
"narH","narY"
"narH","narZ"
"narH","yodC"
"narI","ybhK"
"narJ","narY"
"narJ","pepP"
"narJ","rplL"
"narW","narY"
"narW","narZ"
"narY","pepN"
"ndh","rfaD"
"ndh","tufB"
"ndh","ybgI"
"ndh","ygaM"
"ndk","ygfA"
"nei","nfi"
"nei","rplD"
"nei","rplU"
"nei","rpmB"
"nei","rpsD"
"nei","slyD"
"nfi","phr"
"nfi","rdgC"
"nfi","rplD"
"nfi","rplL"
"nfi","rplS"
"nfi","rpoA"
"nfi","rpsF"
"nfi","rpsM"
"nfi","rpsN"
"nfi","rpsR"
"nfi","ruvA"
"nfi","uvrB"
"nfrA","ydfG"
"nikB","ompA"
"nikB","rplJ"
"nikB","rpsP"
"nikE","rpsD"
"nikR","rplL"
"nlpD","nusG"
"nlpD","ompA"
"nlpD","rplD"
"nlpD","rplE"
"nlpD","rplK"
"nlpD","rplL"
"nlpD","rplW"
"nlpD","rpmB"
"nlpD","rpmC"
"nlpD","rpmD"
"nlpD","rpmG"
"nlpD","rpsJ"
"nlpD","rpsN"
"nlpD","rpsP"
"nlpD","rpsT"
"nlpD","yeeX"
"nlpD","yfiD"
"nohA","ydgD"
"norV","secA"
"norV","yeeX"
"nrdA","yeeN"
"nrdB","rhsB"
"nrdD","nrdG"
"nrdD","pykF"
"nrdD","ybiS"
"nrdD","yohN"
"nrdH","ydcW"
"nrfA","yjaG"
"nth","rplW"
"nudF","sgbH"
"nudG","rnhA"
"nudG","ssb"
"nudG","ygeA"
"nudH","prsA"
"nudH","rluB"
"nudH","rnr"
"nudH","rplA"
"nudH","rplB"
"nudH","rplD"
"nudH","rplE"
"nudH","rplF"
"nudH","rplI"
"nudH","rplM"
"nudH","rplN"
"nudH","rplO"
"nudH","rplP"
"nudH","rplQ"
"nudH","rplR"
"nudH","rplS"
"nudH","rplT"
"nudH","rplU"
"nudH","rplX"
"nudH","rplY"
"nudH","rpmB"
"nudH","rpsA"
"nudH","rpsC"
"nudH","rpsD"
"nudH","rpsF"
"nudH","rpsM"
"nudH","rpsR"
"nudH","rpsS"
"nudH","rpsT"
"nudH","srmB"
"nudH","ybcJ"
"nudH","ycbY"
"nudH","yfiF"
"nudH","yibL"
"nuoC","ompA"
"nuoC","pcnB"
"nuoC","pflB"
"nuoC","ycbX"
"nuoC","yfgB"
"nuoC","yliJ"
"nuoE","nuoG"
"nuoE","yeeJ"
"nuoF","nuoG"
"nuoG","purA"
"nuoG","purL"
"nuoG","yacL"
"nuoG","ycjF"
"nuoG","yeeJ"
"nusA","prsA"
"nusA","rplB"
"nusA","rplS"
"nusA","rpoA"
"nusA","rpoB"
"nusA","rpoC"
"nusA","rpoD"
"nusA","rpoZ"
"nusA","rpsC"
"nusA","rpsD"
"nusA","uspA"
"nusA","uvrA"
"nusA","yafV"
"nusA","yebY"
"nusG","pssA"
"nusG","rho"
"nusG","rplB"
"nusG","rplD"
"nusG","rplL"
"nusG","rplN"
"nusG","rplP"
"nusG","rplW"
"nusG","rpmB"
"nusG","rpoA"
"nusG","rpoB"
"nusG","rpoC"
"nusG","rpoZ"
"nusG","rpsC"
"nusG","rpsF"
"nusG","rpsH"
"nusG","rpsJ"
"nusG","rpsN"
"nusG","rpsP"
"nusG","rpsU"
"nusG","yacL"
"obgE","pepE"
"obgE","prlC"
"obgE","rluD"
"obgE","rplL"
"obgE","ydiH"
"ompA","pepB"
"ompA","pflB"
"ompA","rfaB"
"ompA","rplI"
"ompA","rplW"
"ompA","rpsN"
"ompA","tig"
"ompA","torZ"
"ompA","ugpA"
"ompA","wbbK"
"ompA","ybgI"
"ompA","yciS"
"ompA","ygiF"
"ompA","yieN"
"ompC","ugpA"
"ompC","ybaY"
"ompC","ybgI"
"ompC","yfgB"
"ompC","yieN"
"ompN","ybeX"
"ompX","ugpA"
"ompX","ybaY"
"oppA","wbbK"
"oppB","rfaD"
"oppB","rplA"
"oppB","rplI"
"oppB","rplP"
"oppB","rplW"
"oppB","rpmA"
"oppD","yejF"
"oppF","yaeR"
"osmY","torZ"
"otsA","ptsH"
"otsA","purA"
"otsA","rplB"
"otsA","rplP"
"otsA","rpsP"
"otsA","thrC"
"otsA","uspG"
"otsA","yhdP"
"oxc","phnI"
"oxc","ribB"
"oxc","ybgI"
"paaK","rpmB"
"paaK","ydcQ"
"paaX","rplM"
"paaX","rplO"
"paaX","rplT"
"paaX","rpmB"
"paaX","rpsL"
"paaX","ydcY"
"pabB","rsgA"
"panB","pgm"
"panB","pps"
"panB","rpmC"
"panB","rpsJ"
"panB","rpsT"
"panB","talB"
"panB","tig"
"panC","parE"
"panC","purC"
"panC","ushA"
"panC","yfcD"
"panF","yhdH"
"parC","proC"
"parC","rfaQ"
"parC","rplB"
"parC","rplL"
"parC","smpB"
"parC","ssb"
"parC","yjjU"
"parE","prfB"
"parE","rplA"
"parE","rplB"
"parE","rplD"
"parE","rpsA"
"parE","rpsC"
"parE","rpsD"
"parE","rpsM"
"parE","yebG"
"parE","yfcD"
"parE","ygbK"
"parE","yidK"
"parE","yqcE"
"pbpC","ribD"
"pbpG","tas"
"pcnB","pssA"
"pcnB","rluB"
"pcnB","rplB"
"pcnB","rplD"
"pcnB","rplE"
"pcnB","rplM"
"pcnB","rpsC"
"pcnB","rpsD"
"pcnB","rsmC"
"pcnB","ybcJ"
"pcnB","ycbY"
"pcnB","yfiF"
"pdxB","ybgI"
"pdxH","ydiI"
"pdxH","yeeX"
"pdxH","yeiT"
"pdxH","yfbU"
"pdxH","yoaB"
"pepA","pepB"
"pepA","pepD"
"pepB","pepE"
"pepB","rpoD"
"pepD","pepP"
"pepD","wbbK"
"pepD","ypfJ"
"pepE","pepT"
"pepN","uvrD"
"pepN","yfcX"
"pepN","ymgD"
"pepQ","rluD"
"pepQ","yfdP"
"pepT","pflB"
"pepT","proA"
"pepT","tpiA"
"pepT","yihI"
"pfkA","talA"
"pfkA","ucpA"
"pfkA","yciF"
"pfkA","ygaD"
"pfkA","yiiM"
"pflB","potF"
"pflB","proC"
"pflB","pykA"
"pflB","rimJ"
"pflB","rmf"
"pflB","sucC"
"pflB","tktB"
"pflB","tpiA"
"pflB","wbbK"
"pflB","ycbJ"
"pflB","yfcZ"
"pflB","yfiD"
"pflB","ygjD"
"pflB","yieM"
"pflB","yjdJ"
"pflB","yjeE"
"pflB","zwf"
"pflD","yebY"
"pgi","phnK"
"pgk","pnp"
"pgk","potF"
"pgk","putA"
"pgk","rimI"
"pgk","rne"
"pgk","rplI"
"pgk","rpsF"
"pgk","rpsN"
"pgk","rpsT"
"pgk","wbbK"
"pgm","pps"
"pgm","prsA"
"pgm","talB"
"pgm","tiaE"
"pgm","torZ"
"pgm","yciS"
"pheA","prfA"
"pheS","pheT"
"pheT","secD"
"pheT","yeaJ"
"pheT","yghQ"
"pheT","yjcQ"
"phnA","rplN"
"phnA","secA"
"phnD","yjhP"
"phnG","phnK"
"phnG","rob"
"phnH","phnK"
"phnI","phnK"
"phnI","rob"
"phnI","ybbO"
"phnI","yedV"
"phnJ","phnK"
"phnK","rpmB"
"phnK","ugpB"
"phoA","potF"
"phoA","putA"
"phoA","rimI"
"phoA","torZ"
"phoE","ybgI"
"phoE","ygaM"
"phoP","rplE"
"phoP","rpsC"
"phoP","tufB"
"phoR","yfgB"
"phr","yccW"
"pinR","yciH"
"pinR","yihQ"
"plsB","rpsC"
"plsB","rpsD"
"plsC","rplL"
"pncA","tolA"
"pncB","yeiM"
"pnp","rhlB"
"pnp","rluB"
"pnp","rne"
"pnp","rnpA"
"pnp","rplA"
"pnp","rplB"
"pnp","rplD"
"pnp","rplE"
"pnp","rplI"
"pnp","rplM"
"pnp","rplO"
"pnp","rplQ"
"pnp","rplU"
"pnp","rplX"
"pnp","rpsC"
"pnp","rpsD"
"pnp","rpsM"
"pnp","rpsO"
"pnp","rpsR"
"pnp","rpsS"
"pnp","rpsT"
"pnp","srmB"
"pnp","yacL"
"pnp","ybcJ"
"pnp","ydiI"
"pnp","yfgB"
"pntA","uvrC"
"pntA","ydjL"
"polA","rob"
"polA","rpoA"
"polA","tufB"
"polA","yffS"
"polA","yidX"
"polA","yjjK"
"potC","ycaJ"
"potF","rpoA"
"potF","rpsC"
"potF","rpsD"
"potF","tig"
"potF","tnaA"
"potF","udp"
"potF","wrbA"
"potG","yrfF"
"poxB","tufB"
"ppa","rplD"
"ppa","secB"
"ppa","tig"
"ppa","wbbK"
"ppa","ybgQ"
"ppa","yhdP"
"ppa","yjgD"
"ppc","rpmB"
"ppiA","yfgA"
"ppiB","rhsC"
"ppiC","yehX"
"ppiC","ygaF"
"ppiD","pssA"
"ppiD","yfgM"
"ppk","proC"
"ppk","rnpA"
"pps","talB"
"pqiB","uvrD"
"pqiB","ygfA"
"pqqL","rplA"
"pqqL","rpmB"
"pqqL","yqjI"
"prfA","rfaK"
"prfA","ycjY"
"prfA","yghE"
"prfA","yhgA"
"prfB","rfe"
"prfB","ulaA"
"prfB","yeiT"
"prfB","ygjD"
"prfB","yjcF"
"prfB","ynfE"
"prfC","smpB"
"prfC","tgt"
"priA","rnhA"
"priA","ssb"
"prmA","rcsB"
"prmA","rplK"
"prmA","yejO"
"prmB","rpsJ"
"prmB","tig"
"prmB","ybeZ"
"prmB","yejF"
"prmB","yncC"
"proA","proS"
"proA","sfsA"
"proA","yehT"
"proA","yghO"
"proC","rplE"
"proC","rplJ"
"proC","rplK"
"proC","rplX"
"proC","rpsA"
"proC","rpsH"
"proC","rpsJ"
"proC","rpsN"
"proC","rpsP"
"proC","tig"
"proC","tufB"
"proC","yebC"
"proC","yfiD"
"proC","yjgD"
"proQ","rpsN"
"proQ","rpsQ"
"proQ","rpsT"
"proV","yacL"
"prpR","yfdZ"
"prsA","recE"
"prsA","rluB"
"prsA","rplB"
"prsA","rplP"
"prsA","rpsC"
"prsA","rpsD"
"prsA","srmB"
"prsA","tufB"
"prsA","ybcJ"
"prsA","yccR"
"prsA","ydgJ"
"prsA","ydjI"
"prsA","yrfD"
"pspC","yjhT"
"pspE","ybaS"
"pssA","rluB"
"pssA","rluC"
"pssA","rnpA"
"pssA","rnr"
"pssA","rplL"
"pssA","rplU"
"pssA","rplW"
"pssA","rpoA"
"pssA","rpsA"
"pssA","rpsC"
"pssA","rpsD"
"pssA","rpsN"
"pssA","rpsU"
"pssA","spoT"
"pssA","ybcJ"
"pssA","ybeZ"
"pssA","ycaO"
"pssA","ycbY"
"pssA","ydiI"
"pssA","yeeX"
"pssA","yfiF"
"pssA","yggH"
"pstB","rph"
"pstB","tufB"
"pstB","ybgI"
"pstB","ycfS"
"pstB","yfgB"
"pstS","rimI"
"pta","selB"
"pta","torD"
"pta","tufB"
"pta","yjgH"
"purA","purL"
"purA","rplA"
"purA","yeeJ"
"purA","yigB"
"purA","yjeE"
"purC","tig"
"purC","yidZ"
"purL","ybhR"
"purL","yigB"
"purL","yliG"
"putA","ribE"
"putA","rplA"
"putA","rplI"
"putA","rplP"
"putA","rplQ"
"putA","rplR"
"putA","rpmB"
"putA","rpmC"
"putA","rpmG"
"putA","rpsA"
"putA","rpsP"
"putA","talB"
"putA","tufB"
"putA","yciS"
"putA","yfiD"
"puuE","yebC"
"puuR","trpA"
"pykA","tig"
"pykA","yggR"
"pykA","yodC"
"pykF","rluB"
"pykF","rplA"
"pykF","rplB"
"pykF","rplD"
"pykF","rplI"
"pykF","rplM"
"pykF","rplP"
"pykF","rplQ"
"pykF","rplS"
"pykF","rplX"
"pykF","rplY"
"pykF","rpsM"
"pykF","rpsS"
"pykF","tig"
"pykF","ybgI"
"pykF","ybiN"
"pykF","yibL"
"pyrH","recA"
"pyrH","rplA"
"pyrH","rplB"
"pyrH","rplO"
"pyrH","rplU"
"pyrH","rplW"
"pyrH","rpsA"
"pyrH","rpsC"
"pyrH","rpsF"
"pyrH","rpsJ"
"pyrH","rpsN"
"pyrH","rpsP"
"pyrH","thiE"
"pyrH","uspA"
"pyrH","yebT"
"pyrH","yhbY"
"qor","rpoH"
"queA","rpsS"
"queA","uxuA"
"radA","ymbA"
"radA","yraR"
"rbsB","tolB"
"rcsB","rcsD"
"rcsB","rplA"
"rcsB","rplM"
"rcsB","rpmB"
"rcsB","rpsC"
"rcsB","rpsD"
"rcsB","ssuD"
"rcsB","tilS"
"rcsB","tufB"
"rcsB","yagA"
"rcsB","yccC"
"rcsB","yfaW"
"rcsB","yfgB"
"rcsB","ygfK"
"rcsB","yhiF"
"rcsB","yhjQ"
"rcsB","ymcA"
"recA","rph"
"recA","sucC"
"recA","ybgI"
"recA","yfgB"
"recA","yjiA"
"recA","yliJ"
"recB","recC"
"recB","recD"
"recC","recD"
"recD","ribF"
"recF","serS"
"recF","uidC"
"recG","ssb"
"recJ","rnhA"
"recJ","rplD"
"recJ","rpmB"
"recJ","ruvA"
"recJ","sbcB"
"recJ","ssb"
"recJ","topA"
"recJ","topB"
"recJ","yhbY"
"recO","rpsJ"
"recQ","rnhA"
"recQ","rpmB"
"recQ","ssb"
"recQ","topA"
"recQ","topB"
"recQ","ygfK"
"relB","rep"
"relE","rplU"
"relE","smpB"
"rfaB","talA"
"rfaD","ribE"
"rfaD","rimI"
"rfaD","rimJ"
"rfaD","rph"
"rfaD","rplS"
"rfaD","torA"
"rfaD","ubiH"
"rfaD","uspG"
"rfaD","yadG"
"rfaD","yaeR"
"rfaD","yajC"
"rfaD","ybeZ"
"rfaD","ybjQ"
"rfaD","ybjX"
"rfaD","ydiH"
"rfaD","yeaH"
"rfaD","yeeX"
"rfaD","yegQ"
"rfaD","yfcY"
"rfaD","yfdH"
"rfaD","yfgB"
"rfaD","ygaM"
"rfaD","ygfU"
"rfaD","yggE"
"rfaD","yoaB"
"rfaD","yqjD"
"rfaD","yqjI"
"rfaE","rplJ"
"rfaE","rplS"
"rfaE","rplU"
"rfaE","rpsM"
"rfaE","secA"
"rfaE","wbbK"
"rfaE","ybeX"
"rfaE","ygfK"
"rfaE","yniA"
"rfaF","ydiH"
"rffM","rpoA"
"rhlB","rne"
"rhlB","rplA"
"rhlB","rplI"
"rhlB","rplK"
"rhlB","rplM"
"rhlB","rplS"
"rhlB","rplU"
"rhlB","rpsD"
"rhlB","rpsF"
"rhlB","rpsM"
"rhlB","rpsP"
"rhlB","rpsS"
"rhlB","rpsT"
"rhlB","spoT"
"rhlB","ybcJ"
"rhlB","yfbU"
"rho","rnpA"
"rho","rplD"
"rho","rpoA"
"rho","rpoB"
"rho","rpoD"
"rho","ruvB"
"rho","secA"
"rho","selB"
"rho","spoT"
"rho","sspB"
"rho","tufB"
"rho","ydcP"
"rho","yhbY"
"rho","yiiM"
"rho","yjiM"
"rhsC","ybaK"
"ribA","yeiR"
"ribB","ybaL"
"ribD","ribE"
"ribD","rpoB"
"ribD","yciI"
"ribD","ynfD"
"ribE","yehQ"
"rimI","rpoA"
"rimI","tig"
"rimI","tsf"
"rimI","tufB"
"rimI","udp"
"rimI","yfiD"
"rlmB","rplF"
"rlmB","rplI"
"rlmB","rplM"
"rlmB","rplR"
"rlmB","rplS"
"rlmB","rpmG"
"rlmB","rpsU"
"rlmB","yjeE"
"rlmB","yjeF"
"rluB","rluC"
"rluB","rne"
"rluB","rnpA"
"rluB","rnr"
"rluB","rplA"
"rluB","rplB"
"rluB","rplD"
"rluB","rplE"
"rluB","rplF"
"rluB","rplI"
"rluB","rplM"
"rluB","rplO"
"rluB","rplP"
"rluB","rplQ"
"rluB","rplR"
"rluB","rplS"
"rluB","rplT"
"rluB","rplU"
"rluB","rplX"
"rluB","rplY"
"rluB","rpmB"
"rluB","rpsA"
"rluB","rpsC"
"rluB","rpsD"
"rluB","rpsF"
"rluB","rpsJ"
"rluB","rpsM"
"rluB","rpsN"
"rluB","rpsP"
"rluB","rpsR"
"rluB","rpsS"
"rluB","rpsT"
"rluB","rpsU"
"rluB","rraA"
"rluB","ruvA"
"rluB","selB"
"rluB","spoT"
"rluB","srmB"
"rluB","tgt"
"rluB","topA"
"rluB","yadG"
"rluB","ybcJ"
"rluB","ybeZ"
"rluB","ycbY"
"rluB","yccW"
"rluB","yeeX"
"rluB","yfgB"
"rluB","yfiF"
"rluB","ygiF"
"rluB","ygiQ"
"rluB","yhbP"
"rluB","yhbY"
"rluB","yhiN"
"rluB","yhiR"
"rluB","yibL"
"rluB","yihI"
"rluB","yjgD"
"rluB","ymfC"
"rluB","yncE"
"rluC","rnpA"
"rluC","rnr"
"rluC","rplA"
"rluC","rplB"
"rluC","rplD"
"rluC","rplE"
"rluC","rplF"
"rluC","rplI"
"rluC","rplL"
"rluC","rplM"
"rluC","rplN"
"rluC","rplO"
"rluC","rplP"
"rluC","rplQ"
"rluC","rplR"
"rluC","rplS"
"rluC","rplT"
"rluC","rplU"
"rluC","rplX"
"rluC","rpmB"
"rluC","rpsA"
"rluC","rpsC"
"rluC","rpsD"
"rluC","rpsF"
"rluC","rpsM"
"rluC","rpsN"
"rluC","rpsR"
"rluC","rpsT"
"rluC","secA"
"rluC","spoT"
"rluC","srmB"
"rluC","ybcJ"
"rluC","ybjD"
"rluC","ycbY"
"rluC","yfiF"
"rluC","ygiF"
"rluC","yhbY"
"rluC","yhiR"
"rluC","yibL"
"rluC","ymfC"
"rluC","yncE"
"rluD","ydiA"
"rmf","tufB"
"rnb","rnc"
"rnc","ymdB"
"rne","rnr"
"rne","rplA"
"rne","rplB"
"rne","rplD"
"rne","rplK"
"rne","rplL"
"rne","rplM"
"rne","rplU"
"rne","rplX"
"rne","rpsC"
"rne","rpsD"
"rne","rpsF"
"rne","rpsJ"
"rne","rpsP"
"rne","rpsT"
"rne","srmB"
"rne","trmA"
"rne","tufB"
"rne","ybcJ"
"rne","ydiI"
"rne","yfdH"
"rne","yfiF"
"rne","yjjU"
"rne","yncE"
"rng","rpe"
"rng","rpsM"
"rng","rpsS"
"rng","rpsT"
"rng","rpsU"
"rnhA","rplB"
"rnhA","rpmB"
"rnhA","rpsC"
"rnhA","rpsI"
"rnhA","rpsN"
"rnhA","rpsT"
"rnhA","sbcB"
"rnhA","ssb"
"rnhA","topA"
"rnhA","topB"
"rnhA","yhbY"
"rnpA","rplA"
"rnpA","rplB"
"rnpA","rplD"
"rnpA","rplF"
"rnpA","rplL"
"rnpA","rplM"
"rnpA","rplN"
"rnpA","rplO"
"rnpA","rplP"
"rnpA","rplQ"
"rnpA","rplR"
"rnpA","rplS"
"rnpA","rplT"
"rnpA","rplU"
"rnpA","rplX"
"rnpA","rpmB"
"rnpA","rpmC"
"rnpA","rpsA"
"rnpA","rpsC"
"rnpA","rpsD"
"rnpA","rpsF"
"rnpA","rpsH"
"rnpA","rpsI"
"rnpA","rpsJ"
"rnpA","rpsK"
"rnpA","rpsM"
"rnpA","rpsN"
"rnpA","rpsO"
"rnpA","rpsP"
"rnpA","rpsR"
"rnpA","rpsS"
"rnpA","rpsT"
"rnpA","rpsU"
"rnpA","ycbY"
"rnpA","ycfL"
"rnpA","yfiF"
"rnpA","yhbY"
"rnr","rplA"
"rnr","rplB"
"rnr","rplD"
"rnr","rplF"
"rnr","rplI"
"rnr","rplM"
"rnr","rplO"
"rnr","rplP"
"rnr","rplT"
"rnr","rplU"
"rnr","rplW"
"rnr","rplX"
"rnr","rpsC"
"rnr","rpsD"
"rnr","rpsF"
"rnr","rpsH"
"rnr","rpsI"
"rnr","rpsK"
"rnr","rpsM"
"rnr","rpsN"
"rnr","rpsO"
"rnr","rpsP"
"rnr","rpsR"
"rnr","rpsT"
"rnr","rpsU"
"rnr","selB"
"rnr","sohB"
"rnr","ybcJ"
"rnr","ybeZ"
"rnr","ybjX"
"rnr","yccW"
"rnr","yeeX"
"rnr","yfbU"
"rnr","yfgB"
"rnr","yfiF"
"rnr","yibL"
"rnr","yncE"
"rob","rpoA"
"rob","rpsT"
"rob","stpA"
"rob","ybbO"
"rpe","selD"
"rpe","thrS"
"rpe","trg"
"rpe","yedD"
"rpe","yghK"
"rpiB","rplJ"
"rpiB","rplL"
"rpiB","rpmG"
"rpiB","ybhJ"
"rplA","rplD"
"rplA","rplW"
"rplA","rpoA"
"rplA","rpoD"
"rplA","rrmJ"
"rplA","selB"
"rplA","spoT"
"rplA","srmB"
"rplA","tgt"
"rplA","thrS"
"rplA","tktB"
"rplA","ulaR"
"rplA","uvrC"
"rplA","wbbK"
"rplA","yadG"
"rplA","ybaY"
"rplA","ybaZ"
"rplA","ybcJ"
"rplA","ybeZ"
"rplA","ybgI"
"rplA","ybjX"
"rplA","ycbY"
"rplA","yccW"
"rplA","yciS"
"rplA","ydcP"
"rplA","ydiI"
"rplA","yeaO"
"rplA","yedO"
"rplA","yeeX"
"rplA","yfgB"
"rplA","yfgC"
"rplA","yfiF"
"rplA","ygfT"
"rplA","yggE"
"rplA","yhhX"
"rplA","yhjD"
"rplA","yhjG"
"rplA","yibL"
"rplA","yjbH"
"rplA","yjcC"
"rplA","yjeB"
"rplA","yjgA"
"rplA","yjiE"
"rplA","yjiY"
"rplA","yjjU"
"rplA","yncE"
"rplA","ynhG"
"rplA","yqjI"
"rplA","ytfL"
"rplB","rplD"
"rplB","rplW"
"rplB","rpoA"
"rplB","rpoB"
"rplB","rpoC"
"rplB","selB"
"rplB","spoT"
"rplB","srmB"
"rplB","ssb"
"rplB","tgt"
"rplB","topA"
"rplB","uvrC"
"rplB","wbbK"
"rplB","yacL"
"rplB","yadG"
"rplB","ybcJ"
"rplB","ybeZ"
"rplB","ybgC"
"rplB","ybjX"
"rplB","yccW"
"rplB","ydiI"
"rplB","yedO"
"rplB","yeeX"
"rplB","yfdH"
"rplB","yfgB"
"rplB","yfiF"
"rplB","yggE"
"rplB","yggH"
"rplB","yhbY"
"rplB","yhhX"
"rplB","yihI"
"rplB","yjeB"
"rplB","yjgA"
"rplB","yjgD"
"rplB","yjjK"
"rplB","yncE"
"rplB","yodC"
"rplB","yqjI"
"rplD","rplE"
"rplD","rplF"
"rplD","rplM"
"rplD","rplN"
"rplD","rplW"
"rplD","rpoA"
"rplD","rpoB"
"rplD","rpoD"
"rplD","rpsC"
"rplD","rpsD"
"rplD","rpsJ"
"rplD","rpsM"
"rplD","rsgA"
"rplD","secA"
"rplD","selB"
"rplD","spoT"
"rplD","srmB"
"rplD","ssb"
"rplD","sspB"
"rplD","tgt"
"rplD","topB"
"rplD","uspF"
"rplD","uvrC"
"rplD","yadG"
"rplD","ybaY"
"rplD","ybcJ"
"rplD","ybeB"
"rplD","ybeZ"
"rplD","ybgC"
"rplD","ybjX"
"rplD","yccW"
"rplD","yciS"
"rplD","ydcP"
"rplD","ydiI"
"rplD","yedO"
"rplD","yeeX"
"rplD","yegH"
"rplD","yfdH"
"rplD","yfgB"
"rplD","yfiF"
"rplD","ygaM"
"rplD","yggE"
"rplD","yggH"
"rplD","yhbY"
"rplD","yjgA"
"rplD","yjjK"
"rplD","yjjU"
"rplD","yncE"
"rplD","yodD"
"rplD","yqjD"
"rplD","yraR"
"rplD","ytfE"
"rplD","znuC"
"rplE","rplW"
"rplE","wbbK"
"rplE","yadG"
"rplE","ybeZ"
"rplE","ybjX"
"rplE","yciS"
"rplE","yeeX"
"rplE","yfgB"
"rplE","yggH"
"rplE","yhbY"
"rplE","yjgA"
"rplE","yncE"
"rplF","rplW"
"rplF","smpB"
"rplF","wbbK"
"rplF","ybcJ"
"rplF","ybeZ"
"rplF","ybjX"
"rplF","yeeX"
"rplF","yfbU"
"rplF","yfgB"
"rplF","yhbY"
"rplF","yncE"
"rplI","rplW"
"rplI","selB"
"rplI","spoT"
"rplI","sucC"
"rplI","tbpA"
"rplI","tgt"
"rplI","torZ"
"rplI","treA"
"rplI","yadG"
"rplI","ybcJ"
"rplI","ybeZ"
"rplI","ybgC"
"rplI","ybjX"
"rplI","yccW"
"rplI","yciS"
"rplI","ydcP"
"rplI","yeeX"
"rplI","yfgB"
"rplI","yfiF"
"rplI","ygfT"
"rplI","yggH"
"rplI","yhdA"
"rplI","yhdP"
"rplI","yhhX"
"rplI","yhjD"
"rplI","yhjG"
"rplI","yjbH"
"rplI","yjdJ"
"rplI","yjiN"
"rplI","yjiY"
"rplI","yncE"
"rplI","ytfL"
"rplJ","rplW"
"rplJ","tonB"
"rplJ","wbbK"
"rplJ","ybaY"
"rplJ","ybaZ"
"rplJ","ybjX"
"rplJ","yciS"
"rplJ","yeeX"
"rplJ","yhdP"
"rplJ","yoaB"
"rplK","rplW"
"rplK","secA"
"rplK","torZ"
"rplK","ybcJ"
"rplK","yhbY"
"rplK","yhhX"
"rplL","rplW"
"rplL","rpoA"
"rplL","rpoB"
"rplL","rpoD"
"rplL","rpoH"
"rplL","rpoZ"
"rplL","rsgA"
"rplL","secA"
"rplL","selB"
"rplL","serB"
"rplL","sgcE"
"rplL","spoT"
"rplL","ssb"
"rplL","tbpA"
"rplL","tgt"
"rplL","tmk"
"rplL","torZ"
"rplL","trmA"
"rplL","ulaR"
"rplL","usg"
"rplL","uspG"
"rplL","uvrY"
"rplL","yadB"
"rplL","yadG"
"rplL","ybaD"
"rplL","ybaK"
"rplL","ybaZ"
"rplL","ybcK"
"rplL","ybeZ"
"rplL","ybjX"
"rplL","ycaJ"
"rplL","yccU"
"rplL","yceA"
"rplL","ycgF"
"rplL","yciS"
"rplL","ycjF"
"rplL","ydcP"
"rplL","ydjI"
"rplL","yfgB"
"rplL","yfhM"
"rplL","yfjK"
"rplL","ygeR"
"rplL","ygfU"
"rplL","ygjD"
"rplL","yhbY"
"rplL","yhhP"
"rplL","yhhW"
"rplL","yiiD"
"rplL","yjeE"
"rplL","yjiA"
"rplL","yoaB"
"rplL","yqjI"
"rplL","yrbF"
"rplL","znuC"
"rplM","rplW"
"rplM","rpoA"
"rplM","rpoN"
"rplM","selB"
"rplM","smpB"
"rplM","spoT"
"rplM","tgt"
"rplM","tonB"
"rplM","topA"
"rplM","topB"
"rplM","ulaR"
"rplM","uvrC"
"rplM","wbbK"
"rplM","yacL"
"rplM","yadG"
"rplM","yafM"
"rplM","ybaY"
"rplM","ybcJ"
"rplM","ybeZ"
"rplM","ybjX"
"rplM","yccW"
"rplM","ydcL"
"rplM","ydcY"
"rplM","ydiI"
"rplM","ydjL"
"rplM","yeaO"
"rplM","yedO"
"rplM","yeeX"
"rplM","yfbR"
"rplM","yfbU"
"rplM","yffL"
"rplM","yfgB"
"rplM","yfiQ"
"rplM","yggE"
"rplM","yggH"
"rplM","yhbY"
"rplM","yhhX"
"rplM","yibL"
"rplM","yjjU"
"rplM","yncE"
"rplM","yodC"
"rplM","yqjI"
"rplM","yraN"
"rplN","yacL"
"rplN","yeeX"
"rplN","yjgA"
"rplN","yodC"
"rplN","yqjI"
"rplO","rplW"
"rplO","selB"
"rplO","spoT"
"rplO","yacL"
"rplO","yadG"
"rplO","ybeZ"
"rplO","ybgC"
"rplO","ybjX"
"rplO","yccW"
"rplO","yedO"
"rplO","yeeX"
"rplO","yeiT"
"rplO","yfbU"
"rplO","yfgB"
"rplO","yfiQ"
"rplO","ygfU"
"rplO","yjgD"
"rplO","yjgF"
"rplO","yjjU"
"rplO","yncE"
"rplP","rpoA"
"rplP","rpoC"
"rplP","tktB"
"rplP","wbbK"
"rplP","yacL"
"rplP","yadG"
"rplP","ybaY"
"rplP","ybcJ"
"rplP","ybeZ"
"rplP","ybgC"
"rplP","yccW"
"rplP","ycfD"
"rplP","yciS"
"rplP","ydiI"
"rplP","yeeX"
"rplP","yfbU"
"rplP","yfiF"
"rplP","yfiQ"
"rplP","yhhX"
"rplP","yjeB"
"rplP","yjgA"
"rplP","yjhT"
"rplP","yliJ"
"rplP","yncE"
"rplQ","rplW"
"rplQ","spoT"
"rplQ","tgt"
"rplQ","wbbJ"
"rplQ","yacL"
"rplQ","yadG"
"rplQ","ybcJ"
"rplQ","ybjX"
"rplQ","yciU"
"rplQ","yeeX"
"rplQ","yfbU"
"rplQ","yfgB"
"rplQ","yfiF"
"rplQ","yfiQ"
"rplQ","yneG"
"rplR","rplW"
"rplR","spoT"
"rplR","wbbK"
"rplR","yadG"
"rplR","ybcJ"
"rplR","yeeX"
"rplR","yfgB"
"rplR","yfiF"
"rplR","yhbY"
"rplR","yibL"
"rplR","yjjU"
"rplR","yncE"
"rplS","rplW"
"rplS","rpoA"
"rplS","rpoD"
"rplS","selB"
"rplS","spoT"
"rplS","ssb"
"rplS","tgt"
"rplS","thrS"
"rplS","tonB"
"rplS","topB"
"rplS","ulaR"
"rplS","uspF"
"rplS","uvrC"
"rplS","wbbK"
"rplS","yadG"
"rplS","ybaS"
"rplS","ybaY"
"rplS","ybcJ"
"rplS","ybeZ"
"rplS","ybiB"
"rplS","ybjX"
"rplS","yccK"
"rplS","ydcP"
"rplS","ydiI"
"rplS","ydjL"
"rplS","yedO"
"rplS","yeeX"
"rplS","yegH"
"rplS","yfbR"
"rplS","yfbU"
"rplS","yfcL"
"rplS","yfcY"
"rplS","yfdH"
"rplS","yfgB"
"rplS","yfiF"
"rplS","ygcF"
"rplS","ygfU"
"rplS","yggE"
"rplS","yhhX"
"rplS","yibL"
"rplS","yicH"
"rplS","yjdJ"
"rplS","yjgA"
"rplS","yjiY"
"rplS","yjjU"
"rplS","yncE"
"rplS","yneG"
"rplS","ynhG"
"rplS","ynjB"
"rplS","yqhD"
"rplS","yqjD"
"rplS","yqjI"
"rplT","rplW"
"rplT","selB"
"rplT","tgt"
"rplT","uvrC"
"rplT","yadG"
"rplT","ybcJ"
"rplT","ybeZ"
"rplT","ybjX"
"rplT","yccW"
"rplT","ydcP"
"rplT","ydcY"
"rplT","yeeX"
"rplT","yffL"
"rplT","yfgB"
"rplT","yfiF"
"rplT","yggE"
"rplT","yhbY"
"rplT","yhhX"
"rplT","yibL"
"rplT","yjjU"
"rplT","yncE"
"rplU","rplW"
"rplU","rpoA"
"rplU","rpoD"
"rplU","selB"
"rplU","spoT"
"rplU","tgt"
"rplU","topB"
"rplU","ulaR"
"rplU","uvrC"
"rplU","wbbJ"
"rplU","yacL"
"rplU","yadG"
"rplU","ybaD"
"rplU","ybcJ"
"rplU","ybeZ"
"rplU","ybjX"
"rplU","yccW"
"rplU","ydcY"
"rplU","ydiI"
"rplU","yedO"
"rplU","yeeX"
"rplU","yfcY"
"rplU","yffL"
"rplU","yffS"
"rplU","yfgB"
"rplU","yfiF"
"rplU","yggE"
"rplU","yhbY"
"rplU","yhhX"
"rplU","yjjU"
"rplU","yncE"
"rplW","rplX"
"rplW","rplY"
"rplW","rpmB"
"rplW","rpmC"
"rplW","rpmF"
"rplW","rpmG"
"rplW","rpoA"
"rplW","rpsC"
"rplW","rsgA"
"rplW","serB"
"rplW","smpB"
"rplW","srmB"
"rplW","torD"
"rplW","torZ"
"rplW","umuC"
"rplW","yadG"
"rplW","ybgC"
"rplW","yciS"
"rplW","ydiI"
"rplW","yeeJ"
"rplW","yeeX"
"rplW","yeiG"
"rplW","yfcN"
"rplW","yfgB"
"rplW","yfjK"
"rplW","yhdA"
"rplW","yhfA"
"rplW","yhfG"
"rplW","yhhX"
"rplW","yhjD"
"rplW","yhjG"
"rplW","yidH"
"rplW","yjaG"
"rplW","yjgA"
"rplW","yjhT"
"rplW","yjiM"
"rplW","yjiN"
"rplW","yjiY"
"rplW","yjjU"
"rplW","yliJ"
"rplW","ypdD"
"rplW","yqjD"
"rplW","yqjI"
"rplW","ytfL"
"rplX","rpoA"
"rplX","selB"
"rplX","spoT"
"rplX","srmB"
"rplX","ssb"
"rplX","tgt"
"rplX","tktB"
"rplX","torS"
"rplX","yadG"
"rplX","ybcJ"
"rplX","ybeZ"
"rplX","ybjX"
"rplX","yccW"
"rplX","yciS"
"rplX","ydcL"
"rplX","ydcP"
"rplX","yeeX"
"rplX","yfbU"
"rplX","yfdH"
"rplX","yfgB"
"rplX","ygfT"
"rplX","yggE"
"rplX","yhbY"
"rplX","yhhX"
"rplX","yjgA"
"rplX","yjgF"
"rplX","yjjU"
"rplX","yncE"
"rplX","yqjI"
"rplY","selB"
"rplY","wbbK"
"rplY","ybeZ"
"rplY","yjgA"
"rpmA","rpoA"
"rpmA","serB"
"rpmA","yeeX"
"rpmA","yfbU"
"rpmA","yfgB"
"rpmA","yqjI"
"rpmB","rpoA"
"rpmB","rpoD"
"rpmB","sapF"
"rpmB","secA"
"rpmB","smpB"
"rpmB","spoT"
"rpmB","ssb"
"rpmB","tehB"
"rpmB","tgt"
"rpmB","thrC"
"rpmB","tig"
"rpmB","torZ"
"rpmB","ubiC"
"rpmB","ulaR"
"rpmB","uvrC"
"rpmB","wbbK"
"rpmB","yacL"
"rpmB","yadG"
"rpmB","yafC"
"rpmB","yafM"
"rpmB","ybcJ"
"rpmB","ybgC"
"rpmB","ybgK"
"rpmB","ybiS"
"rpmB","ybjX"
"rpmB","yccW"
"rpmB","yciF"
"rpmB","yciS"
"rpmB","ycjF"
"rpmB","ydiI"
"rpmB","yeaO"
"rpmB","yebE"
"rpmB","yedO"
"rpmB","yeeX"
"rpmB","yegH"
"rpmB","yfbU"
"rpmB","yfcN"
"rpmB","yfcZ"
"rpmB","yfdH"
"rpmB","yffL"
"rpmB","yfgB"
"rpmB","yfgC"
"rpmB","yfhM"
"rpmB","yfiF"
"rpmB","yfiQ"
"rpmB","yggE"
"rpmB","ygiF"
"rpmB","yhfA"
"rpmB","yhhX"
"rpmB","yhjD"
"rpmB","yibL"
"rpmB","yjaG"
"rpmB","yjgA"
"rpmB","yliB"
"rpmB","ymdC"
"rpmB","yncE"
"rpmB","yraN"
"rpmB","ytfL"
"rpmB","ytjB"
"rpmC","serB"
"rpmC","tig"
"rpmC","torZ"
"rpmC","ybgC"
"rpmC","ybjX"
"rpmC","ycaO"
"rpmC","yciS"
"rpmC","ydiI"
"rpmC","yeeX"
"rpmC","yfbU"
"rpmC","yfgB"
"rpmF","yggL"
"rpmG","rpoA"
"rpmG","rpoB"
"rpmG","rsgA"
"rpmG","ssb"
"rpmG","topA"
"rpmG","ybcJ"
"rpmG","ybeZ"
"rpmG","ybjX"
"rpmG","yciS"
"rpmG","yeeX"
"rpmG","znuC"
"rpoA","rpoB"
"rpoA","rpoC"
"rpoA","rpoD"
"rpoA","rpoH"
"rpoA","rpoN"
"rpoA","rpoZ"
"rpoA","rpsA"
"rpoA","rpsC"
"rpoA","rpsD"
"rpoA","rpsF"
"rpoA","rpsJ"
"rpoA","rpsN"
"rpoA","rpsO"
"rpoA","rpsP"
"rpoA","rpsS"
"rpoA","rpsT"
"rpoA","rpsU"
"rpoA","ssb"
"rpoA","topA"
"rpoA","tpiA"
"rpoA","wbbK"
"rpoA","yacL"
"rpoA","ybbO"
"rpoA","ybcJ"
"rpoA","yebR"
"rpoA","yeeX"
"rpoA","yifE"
"rpoA","yqhD"
"rpoB","rpoC"
"rpoB","rpoD"
"rpoB","rpoN"
"rpoB","rpoS"
"rpoB","rpoZ"
"rpoB","rpsF"
"rpoB","rpsJ"
"rpoB","rpsN"
"rpoB","rpsT"
"rpoB","rpsU"
"rpoB","secA"
"rpoB","topA"
"rpoB","torR"
"rpoB","tufB"
"rpoB","uvrD"
"rpoB","yacL"
"rpoB","yeeX"
"rpoB","yffS"
"rpoB","yhhP"
"rpoB","yifE"
"rpoC","rpoD"
"rpoC","rpoZ"
"rpoC","rpsD"
"rpoC","topA"
"rpoC","usg"
"rpoC","yacL"
"rpoC","yeeX"
"rpoC","ygfB"
"rpoD","rpoZ"
"rpoD","rpsA"
"rpoD","rpsF"
"rpoD","yeeX"
"rpoN","yraM"
"rpoS","tufB"
"rpoZ","rpsT"
"rpoZ","thiG"
"rpoZ","tig"
"rpoZ","tktB"
"rpoZ","topA"
"rpoZ","yacL"
"rpoZ","ygjI"
"rpoZ","ykgC"
"rpsA","selB"
"rpsA","smpB"
"rpsA","spoT"
"rpsA","sucC"
"rpsA","tig"
"rpsA","wbbJ"
"rpsA","wbbK"
"rpsA","yacL"
"rpsA","ybcJ"
"rpsA","ybeZ"
"rpsA","ybjX"
"rpsA","yccW"
"rpsA","ycjF"
"rpsA","ydcP"
"rpsA","yeeX"
"rpsA","yejL"
"rpsA","yfdH"
"rpsA","yfgB"
"rpsA","yhbY"
"rpsA","yhdP"
"rpsA","yhhX"
"rpsA","yjeE"
"rpsA","yliG"
"rpsA","yncE"
"rpsA","ypfJ"
"rpsA","yqjI"
"rpsC","selB"
"rpsC","spoT"
"rpsC","topB"
"rpsC","ulaR"
"rpsC","uspF"
"rpsC","uvrC"
"rpsC","yacL"
"rpsC","yadG"
"rpsC","ybaY"
"rpsC","ybcJ"
"rpsC","ybeZ"
"rpsC","ybjX"
"rpsC","yccW"
"rpsC","yciS"
"rpsC","ydcM"
"rpsC","ydcY"
"rpsC","ydiI"
"rpsC","yeaO"
"rpsC","yedO"
"rpsC","yeeX"
"rpsC","yfbU"
"rpsC","yfdH"
"rpsC","yffS"
"rpsC","yfgB"
"rpsC","yfiF"
"rpsC","yggE"
"rpsC","yggH"
"rpsC","yhbC"
"rpsC","yhdP"
"rpsC","yibL"
"rpsC","yjjU"
"rpsC","yncE"
"rpsC","yodC"
"rpsC","ypdD"
"rpsC","yqjI"
"rpsD","rsuA"
"rpsD","selB"
"rpsD","spoT"
"rpsD","ssb"
"rpsD","ulaR"
"rpsD","uvrC"
"rpsD","wbbJ"
"rpsD","wbbK"
"rpsD","yacL"
"rpsD","yadG"
"rpsD","ybaY"
"rpsD","ybcJ"
"rpsD","ybeZ"
"rpsD","ybgC"
"rpsD","ybjX"
"rpsD","yedO"
"rpsD","yeeX"
"rpsD","yfbU"
"rpsD","yfgB"
"rpsD","yfiF"
"rpsD","yggE"
"rpsD","yggH"
"rpsD","yhbY"
"rpsD","yjaG"
"rpsF","selB"
"rpsF","tktB"
"rpsF","torZ"
"rpsF","uvrC"
"rpsF","wbbK"
"rpsF","yacL"
"rpsF","yadG"
"rpsF","ybcJ"
"rpsF","ybjX"
"rpsF","yccW"
"rpsF","yedO"
"rpsF","yeeX"
"rpsF","yfbU"
"rpsF","yfdH"
"rpsF","yffS"
"rpsF","yfgB"
"rpsF","yfiF"
"rpsF","yggE"
"rpsF","yggH"
"rpsF","yhbY"
"rpsF","yjcC"
"rpsF","yjeB"
"rpsF","yncE"
"rpsF","yoaB"
"rpsF","yqhD"
"rpsF","yqjD"
"rpsF","yqjI"
"rpsH","spoT"
"rpsH","uvrC"
"rpsH","wbbK"
"rpsH","yadG"
"rpsH","yccW"
"rpsH","ydiI"
"rpsH","yeeX"
"rpsH","yfdH"
"rpsH","yfiF"
"rpsH","yggE"
"rpsH","yncE"
"rpsI","sohB"
"rpsI","spoT"
"rpsI","yadG"
"rpsI","yedO"
"rpsI","yeeX"
"rpsI","yfiF"
"rpsI","yggE"
"rpsI","yjeB"
"rpsI","yjjU"
"rpsI","ypfJ"
"rpsJ","rsuA"
"rpsJ","secA"
"rpsJ","serB"
"rpsJ","spoT"
"rpsJ","sucC"
"rpsJ","tbpA"
"rpsJ","tonB"
"rpsJ","topA"
"rpsJ","torZ"
"rpsJ","yacL"
"rpsJ","yadG"
"rpsJ","ybaD"
"rpsJ","ybaK"
"rpsJ","ybaX"
"rpsJ","ybaY"
"rpsJ","yccW"
"rpsJ","yciS"
"rpsJ","yciU"
"rpsJ","yeeX"
"rpsJ","yfdH"
"rpsJ","yffS"
"rpsJ","yfgB"
"rpsJ","yfhM"
"rpsJ","yfiF"
"rpsJ","yfiQ"
"rpsJ","ygfU"
"rpsJ","ygjD"
"rpsJ","yhbY"
"rpsJ","yjiE"
"rpsJ","yjiM"
"rpsJ","yjjU"
"rpsJ","yneG"
"rpsK","sohB"
"rpsK","yacL"
"rpsK","yadG"
"rpsK","ybgC"
"rpsK","yeeX"
"rpsK","yffS"
"rpsK","yfiF"
"rpsK","yggE"
"rpsK","yjjU"
"rpsL","tgt"
"rpsL","ulaR"
"rpsL","uvrC"
"rpsL","yacL"
"rpsL","yadG"
"rpsL","ydiI"
"rpsL","yedO"
"rpsL","yfbU"
"rpsL","yfiF"
"rpsL","ygfU"
"rpsL","yjeB"
"rpsL","yqjI"
"rpsM","rsuA"
"rpsM","sohB"
"rpsM","thrS"
"rpsM","ulaR"
"rpsM","uvrC"
"rpsM","wbbK"
"rpsM","yadG"
"rpsM","ybeZ"
"rpsM","ybiN"
"rpsM","ybjX"
"rpsM","yedO"
"rpsM","yeeX"
"rpsM","yfdH"
"rpsM","yffL"
"rpsM","yfgB"
"rpsM","yfiF"
"rpsM","yfiQ"
"rpsM","ygaM"
"rpsM","yggE"
"rpsM","yggH"
"rpsM","yjaG"
"rpsM","yjgF"
"rpsM","yqjI"
"rpsN","serB"
"rpsN","smpB"
"rpsN","spoT"
"rpsN","tgt"
"rpsN","thiI"
"rpsN","topB"
"rpsN","torZ"
"rpsN","ulaR"
"rpsN","uvrC"
"rpsN","wbbK"
"rpsN","yacL"
"rpsN","yadG"
"rpsN","ybaY"
"rpsN","ybbK"
"rpsN","ybcJ"
"rpsN","ybdF"
"rpsN","ybeZ"
"rpsN","yccW"
"rpsN","yciS"
"rpsN","ydcP"
"rpsN","ydfG"
"rpsN","ydiI"
"rpsN","yeaK"
"rpsN","yedO"
"rpsN","yeeX"
"rpsN","yfbR"
"rpsN","yfbU"
"rpsN","yfcN"
"rpsN","yfcZ"
"rpsN","yfgB"
"rpsN","yfiF"
"rpsN","yfiQ"
"rpsN","ygfT"
"rpsN","ygfU"
"rpsN","yggE"
"rpsN","yhbJ"
"rpsN","yhbY"
"rpsN","yhhX"
"rpsN","yibL"
"rpsN","yidH"
"rpsN","yjeB"
"rpsN","yncE"
"rpsN","ynjB"
"rpsN","yoaB"
"rpsN","yqjI"
"rpsO","uvrC"
"rpsO","ydiI"
"rpsO","yeeX"
"rpsO","yfiF"
"rpsP","rsuA"
"rpsP","secA"
"rpsP","serB"
"rpsP","spoT"
"rpsP","tonB"
"rpsP","topB"
"rpsP","ugpA"
"rpsP","wbbK"
"rpsP","yadG"
"rpsP","ybeZ"
"rpsP","yccW"
"rpsP","yciS"
"rpsP","ycjF"
"rpsP","yeeX"
"rpsP","yegH"
"rpsP","yfbR"
"rpsP","yffS"
"rpsP","yfgB"
"rpsP","yfiF"
"rpsP","yggE"
"rpsP","yhbY"
"rpsP","yhdP"
"rpsP","yheL"
"rpsP","yhhW"
"rpsP","ynhG"
"rpsP","yodD"
"rpsR","sucC"
"rpsR","wbbJ"
"rpsR","wbbK"
"rpsR","yadG"
"rpsR","ybgC"
"rpsR","yccW"
"rpsR","yciS"
"rpsR","yeeJ"
"rpsR","yeeX"
"rpsR","yfgB"
"rpsR","yfiF"
"rpsR","ygaM"
"rpsR","yqjI"
"rpsS","sucC"
"rpsS","ulaR"
"rpsS","uvrC"
"rpsS","wbbK"
"rpsS","yccW"
"rpsS","yedO"
"rpsS","yeeX"
"rpsS","yfbU"
"rpsS","yfiF"
"rpsS","yhdP"
"rpsT","serB"
"rpsT","sohB"
"rpsT","spoT"
"rpsT","torZ"
"rpsT","ulaR"
"rpsT","uvrC"
"rpsT","wbbK"
"rpsT","yacL"
"rpsT","yadG"
"rpsT","ybaY"
"rpsT","ybcJ"
"rpsT","ybgC"
"rpsT","yccW"
"rpsT","ydcN"
"rpsT","ydiI"
"rpsT","ydiZ"
"rpsT","ydjL"
"rpsT","yedO"
"rpsT","yeeX"
"rpsT","yegH"
"rpsT","yfbR"
"rpsT","yfbU"
"rpsT","yfdH"
"rpsT","yffL"
"rpsT","yffS"
"rpsT","yfgB"
"rpsT","yfiD"
"rpsT","yfiF"
"rpsT","yfiQ"
"rpsT","ygaM"
"rpsT","yggE"
"rpsT","yggH"
"rpsT","yhbY"
"rpsT","yhdA"
"rpsT","yhgF"
"rpsT","yjhT"
"rpsT","yjjU"
"rpsT","yncE"
"rpsT","yqjI"
"rpsU","yacL"
"rpsU","yadG"
"rpsU","yedO"
"rpsU","yeeX"
"rpsU","yfiF"
"rraA","ybeZ"
"rraA","yeaH"
"rraA","yfiF"
"rrmJ","tufB"
"rsgA","wcaJ"
"rsgA","yaiW"
"rsgA","ybaL"
"rsgA","ybeR"
"rsgA","ydaY"
"rsgA","ydiA"
"rspA","thrC"
"rssA","uspG"
"rssA","ycfD"
"rsuA","yacL"
"rsuA","ycjF"
"rsuA","yeeX"
"rsxG","tgt"
"rumA","ybaZ"
"ruvA","ybeZ"
"ruvA","ygfT"
"ruvB","ybgI"
"sapF","trmE"
"sbcB","ssb"
"sbp","yfhJ"
"secA","secB"
"secA","smpB"
"secA","ssb"
"secA","trmE"
"secA","trmU"
"secA","tufB"
"secA","uspF"
"secA","uspG"
"secA","yaiB"
"secA","ybiB"
"secA","ybiU"
"secA","ydjL"
"secA","yeeX"
"secA","yeiG"
"secA","yeiT"
"secA","yfgB"
"secA","yghU"
"secA","yjgA"
"secA","yjgD"
"secA","yjiA"
"secA","yjjK"
"secA","yliG"
"secA","yoaB"
"secA","yodC"
"secA","yqjI"
"secB","treA"
"secB","yaiF"
"selB","serC"
"selB","srmB"
"selB","ydcP"
"selB","yfgB"
"selB","yfiF"
"serS","sspA"
"serS","tag"
"serS","yeiR"
"serS","yfjD"
"serS","yjfN"
"sgbH","smpB"
"sixA","slyD"
"sixA","yfcL"
"sixA","yfcZ"
"slyD","ssb"
"slyD","yacL"
"slyD","ybgI"
"slyD","ydiI"
"slyD","yebS"
"slyD","yeiT"
"slyD","yfbR"
"slyD","yfiD"
"slyD","ygaD"
"slyD","yhfA"
"slyD","yliG"
"slyD","yqjI"
"slyD","yrdA"
"smg","wbbK"
"smpB","tgt"
"smpB","ycbB"
"smpB","yeeX"
"smpB","yfiF"
"sohB","tehB"
"sohB","yhfG"
"speD","sucA"
"speD","sucB"
"speD","yhdP"
"spoT","srmB"
"spoT","trmH"
"spoT","ycbY"
"spoT","yeeX"
"spoT","yfgB"
"spoT","yfjB"
"sra","yebY"
"srlD","yajO"
"srlR","ydaT"
"srlR","ynbC"
"srmB","tnaA"
"srmB","topA"
"srmB","tufB"
"srmB","ybcJ"
"srmB","ybjX"
"srmB","yeeX"
"srmB","yfgB"
"srmB","yggH"
"srmB","yjjU"
"srmB","yncE"
"ssb","topA"
"ssb","topB"
"ssb","trmE"
"ssb","tufB"
"ssb","ubiB"
"ssb","yfiF"
"sseA","yebC"
"ssnA","uvrD"
"sspA","thiG"
"sspA","tyrP"
"sspA","ybaT"
"stpA","talB"
"sucA","sucB"
"sucA","uvrC"
"sucA","ycbL"
"sucA","yhdP"
"sucA","yheS"
"sucB","tyrS"
"sucB","uvrC"
"sucB","ybaY"
"sucB","yedO"
"sucB","yhdP"
"sucC","sucD"
"sucC","upp"
"sucC","yaiL"
"sucC","yfiD"
"sucC","yliB"
"sufB","sufC"
"sufB","sufD"
"sufC","sufD"
"sufC","yfiF"
"sufI","yfbN"
"syd","yccS"
"talA","wbbK"
"talA","yciF"
"talA","yebO"
"talB","yciS"
"tas","ygcU"
"tdcD","tufB"
"tdcE","yieN"
"tdcF","yjgF"
"tgt","uvrD"
"tgt","ycbY"
"tgt","yfiF"
"thiC","yncE"
"thiP","ydbK"
"thrS","thyA"
"thrS","wcaB"
"thrS","yicC"
"thrS","yjcC"
"tiaE","yaiS"
"tig","wbbK"
"tig","yafV"
"tig","ybaS"
"tig","ybgI"
"tig","ybgL"
"tig","ybiN"
"tig","ydiH"
"tig","yebS"
"tig","yeeX"
"tig","yhjD"
"tig","yjdJ"
"tktA","tktB"
"tktB","ybaT"
"tktB","yfiD"
"tktB","ygiW"
"tldD","yedP"
"tldD","yphE"
"tnaA","ybhF"
"tolB","yebC"
"tolR","ybeX"
"tonB","yfiD"
"topA","topB"
"topA","yigZ"
"topB","yjcD"
"torD","yajQ"
"torY","yeaA"
"torY","yibA"
"torZ","ydjA"
"torZ","yfbN"
"torZ","yfcZ"
"tpiA","yfgB"
"tpiA","yfiD"
"tpx","wbbK"
"treA","yfiD"
"trkG","yggE"
"trmC","ydiZ"
"trmC","ypdE"
"trmE","ycdP"
"trmE","yidA"
"trmE","yliL"
"trmH","yibA"
"trpR","yibA"
"trxA","yebR"
"tsf","tufB"
"tsf","yafV"
"tsr","yfgB"
"tufB","ubiE"
"tufB","ulaR"
"tufB","uspG"
"tufB","uvrY"
"tufB","valS"
"tufB","xylA"
"tufB","yaaA"
"tufB","ybaX"
"tufB","ybeD"
"tufB","ybjX"
"tufB","yciS"
"tufB","ydhQ"
"tufB","yfgB"
"tufB","ygeV"
"tufB","ygjD"
"tufB","yhbJ"
"tufB","yhbU"
"tufB","yhbY"
"tufB","yhhF"
"tufB","yidA"
"tufB","yiiU"
"tufB","yrbF"
"tyrA","ubiX"
"tyrS","ybgF"
"tyrS","yejK"
"ubiB","yacL"
"ubiF","ydaC"
"ubiF","yejK"
"ubiF","yiiD"
"ucpA","yraQ"
"udk","ybgI"
"ugpA","ugpC"
"ugpA","ybiO"
"ugpB","ybgI"
"ugpB","yjdJ"
"ulaR","yafC"
"ulaR","yagX"
"ulaR","ybgH"
"ulaR","yfgC"
"ulaR","yfhM"
"ulaR","yfiQ"
"ulaR","yhaJ"
"usg","ygfZ"
"uspA","yiiT"
"uspE","uspG"
"uspE","ydeI"
"uspF","yhbG"
"uspF","yohF"
"uspG","wbbK"
"uspG","yacL"
"uspG","ycaO"
"uspG","yjbH"
"uspG","yjjU"
"uspG","yliJ"
"uup","yaiP"
"uup","ydaY"
"uvrA","ybdF"
"uvrC","yfgF"
"uvrC","yfiB"
"uvrC","yfiF"
"uvrC","yhbY"
"uvrC","yjeF"
"uvrD","ybeZ"
"uvrD","ybgI"
"uxaA","yidR"
"valS","ybhK"
"wbbK","wrbA"
"wbbK","ycaC"
"wbbK","yccJ"
"wbbK","ycfP"
"wbbK","yeeX"
"wbbK","yfcZ"
"wbbK","yfiA"
"wbbK","yfiD"
"wbbK","ygaM"
"wbbK","yjbJ"
"wbbK","yqjD"
"wcaD","yfgB"
"wcaE","yeaO"
"wcaI","yaeR"
"wcaI","ycgM"
"wcaI","ycjF"
"wcaI","ydfG"
"wcaI","ydiI"
"wcaI","yfcN"
"wcaI","yhjD"
"wcaI","yjgK"
"wcaI","ynjB"
"wcaI","yodD"
"wzxC","ybaB"
"xdhD","ygfM"
"xseA","yebS"
"xseB","yjdJ"
"xthA","yhbG"
"yacL","yfbG"
"yacL","yqiG"
"yacL","yqjI"
"yadB","yhdP"
"yadB","ypjA"
"yadE","yeeX"
"yadR","ygfZ"
"yaeH","yaeR"
"yaeH","ycfD"
"yaeH","yeaH"
"yaeH","yjgD"
"yaeR","ycfD"
"yaeR","yegV"
"yaeR","yjgD"
"yaeT","yedN"
"yaeT","yegQ"
"yafC","yfhH"
"yafM","yccS"
"yahJ","ycbL"
"yaiB","ybeZ"
"yaiB","ydfG"
"yaiX","ydcJ"
"ybaB","ychN"
"ybaD","yfhM"
"ybaJ","ybcV"
"ybaJ","ycfS"
"ybaK","ycjN"
"ybaK","ydjA"
"ybaS","ybgK"
"ybaS","yccS"
"ybaS","yciU"
"ybaS","yebS"
"ybaS","yedN"
"ybaS","yjgD"
"ybaX","yegT"
"ybaY","yfiD"
"ybaY","ygaU"
"ybaZ","ydgA"
"ybaZ","ydgJ"
"ybbC","yraO"
"ybbK","yciS"
"ybbK","ydfG"
"ybbN","yjjK"
"ybbN","yjjU"
"ybcJ","ybeZ"
"ybcJ","ycbY"
"ybcJ","yfiF"
"ybcJ","ygiF"
"ybcJ","yhiR"
"ybcJ","yibL"
"ybcJ","yihI"
"ybcJ","yqjI"
"ybdL","ybgC"
"ybdR","ybgI"
"ybdR","ymfD"
"ybeB","yehL"
"ybeB","yehQ"
"ybeB","yihU"
"ybeB","yjcF"
"ybeD","yejK"
"ybeX","ygfK"
"ybeX","yrdA"
"ybeY","yebY"
"ybeY","ypfJ"
"ybeZ","yfbU"
"ybeZ","yfiF"
"ybeZ","ygaM"
"ybeZ","yggH"
"ybeZ","yhbY"
"ybeZ","yiiU"
"ybgI","ybgK"
"ybgI","ybgL"
"ybgI","ybiB"
"ybgI","ybiS"
"ybgI","ycgG"
"ybgI","yciF"
"ybgI","yebT"
"ybgI","yedV"
"ybgI","yehX"
"ybgI","ygbT"
"ybgJ","ybgK"
"ybgK","ydfG"
"ybgL","yegJ"
"ybhC","yiiU"
"ybhF","ybhK"
"ybhK","yfaW"
"ybhK","yfdE"
"ybhM","yhcO"
"ybiA","yliG"
"ybiC","ymfD"
"ybiN","ygfA"
"ybiS","yohN"
"ybjO","ygcP"
"ybjX","yfiF"
"ycaC","yecE"
"ycaC","yiiT"
"ycaJ","yihN"
"ycaM","yfgM"
"ycaO","ydfG"
"ycaO","yeeX"
"ycaO","ygaM"
"ycbB","ycjF"
"ycbV","yfbR"
"ycbY","yeeX"
"ycbY","yfgB"
"ycbY","yfiF"
"ycbY","yggH"
"ycbZ","ydhX"
"yccJ","yeiG"
"yccJ","ygfZ"
"yccJ","ymfD"
"yccJ","yqcA"
"yccS","yegU"
"yccV","yhhX"
"yccW","ycgM"
"yccW","yeeX"
"yccW","yjeB"
"yccW","yjiC"
"yccW","yncE"
"yccW","yneI"
"ycdY","ycfR"
"yceA","yfjN"
"yceF","ycfD"
"ycfR","ydfG"
"ycfR","ydhX"
"ycfR","ydjF"
"ycgB","yeaH"
"ycgF","yfiD"
"ychA","ygaM"
"yciM","yfeZ"
"yciN","ydjL"
"yciN","yrbL"
"yciS","yfiD"
"yciS","yhcB"
"yciU","ydfG"
"yciU","yebS"
"yciU","yneG"
"ycjF","yfiD"
"ycjF","ygaM"
"ycjQ","ytfG"
"ycjW","ygfK"
"ycjX","ydfG"
"ycjX","yjiN"
"ydaM","yddW"
"ydaM","yncH"
"ydaU","ygaM"
"ydaV","yfcD"
"ydaY","yeeN"
"ydbC","yrbL"
"ydcF","yddB"
"ydcJ","ydcL"
"ydcP","yfgB"
"yddW","yffS"
"ydeP","ydjI"
"ydeR","ynfG"
"ydfG","ydiJ"
"ydfG","yfgC"
"ydfG","ygaD"
"ydfG","yjgD"
"ydfZ","yliG"
"ydgH","yhdP"
"ydiI","ydiZ"
"ydiI","yfiF"
"ydiI","yhbY"
"ydiI","yibL"
"ydiI","yjgD"
"ydiJ","ygaD"
"ydiP","yfiD"
"ydiU","ydiZ"
"ydiZ","ydjL"
"ydiZ","yebO"
"ydiZ","ynjB"
"ydjF","ydjI"
"ydjL","yebO"
"ydjL","yeiT"
"ydjL","yejK"
"ydjL","yfbR"
"ydjL","yfiD"
"ydjL","yqjD"
"ydjX","yegQ"
"yeaB","yeaG"
"yeaK","ynjE"
"yeaO","yhfG"
"yeaZ","ygjD"
"yebC","znuA"
"yebE","ymfD"
"yebE","znuA"
"yebR","yebV"
"yebR","yodD"
"yebS","yjgD"
"yebV","ymfD"
"yebV","yodD"
"yedO","yeeX"
"yedO","ygiP"
"yeeJ","ygiC"
"yeeR","yhfG"
"yeeX","yfbU"
"yeeX","yfcY"
"yeeX","yfiF"
"yeeX","yhbC"
"yeeX","yhiR"
"yeeX","yibL"
"yeeX","yihA"
"yegU","yegV"
"yegV","yffS"
"yegV","ypeA"
"yegV","ypfJ"
"yeiA","yeiT"
"yeiG","yicM"
"yeiJ","yfgB"
"yeiR","ymfD"
"yeiT","yfaY"
"yeiT","yfbR"
"yeiT","yfeX"
"yeiT","ygfA"
"yeiT","yneG"
"yejK","yjbH"
"yejK","yjhP"
"yejK","yjhT"
"yejK","yraR"
"yfaY","yfbN"
"yfaY","yfbR"
"yfaY","yfbU"
"yfaY","yicI"
"yfaY","ypdB"
"yfbJ","ynjB"
"yfbN","yghZ"
"yfbN","ygiT"
"yfbN","ytfL"
"yfbR","yfbU"
"yfbR","ymfD"
"yfbT","ytfR"
"yfbU","yfiF"
"yfbU","yhcD"
"yfbU","yibL"
"yfcL","yfcZ"
"yfcL","ygaU"
"yfcX","yfcY"
"yfcX","yfdH"
"yfcX","yffL"
"yfcX","ypdD"
"yfcY","yffL"
"yfcY","ypdD"
"yfcZ","yfiD"
"yfcZ","yjdJ"
"yfdH","yjgA"
"yfdK","ymfS"
"yffS","ypfJ"
"yfgB","yfiF"
"yfgB","ygaM"
"yfgB","yhbY"
"yfgB","yhiR"
"yfgB","yibL"
"yfiD","ygfU"
"yfiD","yhdP"
"yfiD","yhjD"
"yfiD","yidH"
"yfiD","yjdJ"
"yfiD","yjiN"
"yfiD","ynfE"
"yfiF","yggH"
"yfiF","yhbY"
"yfiF","yhhX"
"yfiF","yhiR"
"yfiF","yibL"
"yfiF","yjgD"
"yfiF","yncE"
"yfiF","yqjI"
"yfiQ","ypeA"
"yfjW","yiiD"
"yfjW","yjeB"
"ygaD","yqcA"
"ygaM","ygdH"
"ygaM","ygfB"
"ygaM","yjgD"
"ygaM","yqjD"
"ygfK","yniA"
"ygfK","yraM"
"ygfK","yrdA"
"ygfZ","yhhX"
"yggE","yggL"
"yggH","ygiF"
"yghU","yoaA"
"ygiW","ynfB"
"ygjI","yqjI"
"yhbC","yihI"
"yhbU","yhbV"
"yhbY","yhhX"
"yhbY","yibL"
"yhbY","yqjI"
"yheN","yhhX"
"yhfA","ypeA"
"yhhP","yieN"
"yhhP","yjeE"
"yhhW","yhhX"
"yhiR","yihI"
"yibA","yjgD"
"yibL","ymfC"
"yicC","yjcC"
"yicI","ykfJ"
"yidR","yjeB"
"yieF","yjbQ"
"yifE","ypeA"
"yihQ","ymfB"
"yihX","yjjX"
"yiiD","yjeE"
"yiiM","yjiM"
"yiiT","yjiA"
"yiiU","yqgE"
"yjbH","yjgF"
"yjbQ","yliB"
"yjbQ","ymfD"
"yjcC","yjgA"
"yjeE","yjeF"
"yjgD","yjgF"
"yjgD","yoaB"
"yjgF","yjjU"
"yjgK","yjgR"
"yjgR","yncB"
"yjhP","yjjU"
"yjiA","yliB"
"yjiE","yliB"
"yjiE","ytfL"
"yjiN","yliB"
"yjjK","ymfD"
"yliG","yliJ"
"ymfD","yqjD"
"ymfD","yraR"
"ymfD","yrbB"
"yncB","ytfG"
"ynfF","ynfG"
"yoaB","ytfN"
"yohF","yrbB"
"yqeA","yraN"
"yqeB","yrbA"
"yqiG","yqjG"
"yrbB","yrbF"
